week,country,bitcoin,cryptocurrency,markets,nfts
2020-06-28,Lebanon,8,2,2,0
2020-07-05,Lebanon,9,2,0,0
2020-07-12,Lebanon,10,4,2,0
2020-07-19,Lebanon,9,0,0,0
2020-07-26,Lebanon,13,0,3,0
2020-08-02,Lebanon,8,0,0,0
2020-08-09,Lebanon,12,0,0,0
2020-08-16,Lebanon,10,3,0,0
2020-08-23,Lebanon,8,4,0,0
2020-08-30,Lebanon,10,2,0,0
2020-09-06,Lebanon,6,0,0,0
2020-09-13,Lebanon,6,0,0,0
2020-09-20,Lebanon,5,0,0,0
2020-09-27,Lebanon,7,3,0,0
2020-10-04,Lebanon,8,0,3,0
2020-10-11,Lebanon,7,0,0,0
2020-10-18,Lebanon,11,2,2,0
2020-10-25,Lebanon,9,2,3,2
2020-11-01,Lebanon,11,0,2,0
2020-11-08,Lebanon,11,3,0,0
2020-11-15,Lebanon,18,5,3,0
2020-11-22,Lebanon,21,5,3,0
2020-11-29,Lebanon,16,4,0,0
2020-12-06,Lebanon,13,3,0,0
2020-12-13,Lebanon,29,4,0,0
2020-12-20,Lebanon,25,5,0,0
2020-12-27,Lebanon,42,7,0,0
2021-01-03,Lebanon,67,12,2,0
2021-01-10,Lebanon,56,11,0,0
2021-01-17,Lebanon,32,10,0,0
2021-01-24,Lebanon,35,9,2,0
2021-01-31,Lebanon,31,14,2,0
2021-02-07,Lebanon,56,19,3,0
2021-02-14,Lebanon,67,22,2,0
2021-02-21,Lebanon,100,27,2,0
2021-02-28,Lebanon,57,21,2,0
2021-03-07,Lebanon,52,23,0,0
2021-03-14,Lebanon,55,28,2,0
2021-03-21,Lebanon,42,25,0,0
2021-03-28,Lebanon,38,30,3,0
2021-04-04,Lebanon,38,32,4,0
2021-04-11,Lebanon,41,42,2,0
2021-04-18,Lebanon,60,53,0,0
2021-04-25,Lebanon,46,51,0,0
2021-05-02,Lebanon,42,66,2,0
2021-05-09,Lebanon,58,76,0,0
2021-05-16,Lebanon,85,61,3,0
2021-05-23,Lebanon,61,43,2,0
2021-05-30,Lebanon,39,29,0,0
2021-06-06,Lebanon,38,30,3,0
2021-06-13,Lebanon,37,19,3,0
2021-06-20,Lebanon,35,21,0,0
2021-06-27,Lebanon,27,17,0,0
2021-07-04,Lebanon,25,15,0,0
2021-07-11,Lebanon,21,18,3,0
2021-07-18,Lebanon,31,18,3,0
2021-07-25,Lebanon,32,19,3,0
2021-08-01,Lebanon,28,19,0,0
2021-08-08,Lebanon,38,23,3,0
2021-08-15,Lebanon,27,19,0,0
2021-08-22,Lebanon,28,29,0,0
2021-08-29,Lebanon,24,27,0,0
2021-09-05,Lebanon,29,24,0,0
2021-09-12,Lebanon,23,26,3,0
2021-09-19,Lebanon,26,25,0,0
2021-09-26,Lebanon,26,19,4,0
2021-10-03,Lebanon,32,23,3,0
2021-10-10,Lebanon,30,24,5,0
2021-10-17,Lebanon,33,27,0,0
2021-10-24,Lebanon,32,43,0,0
2021-10-31,Lebanon,31,77,0,0
2021-11-07,Lebanon,31,43,5,3
2021-11-14,Lebanon,35,41,3,0
2021-11-21,Lebanon,36,42,4,3
2021-11-28,Lebanon,30,41,3,0
2021-12-05,Lebanon,36,37,3,4
2021-12-12,Lebanon,34,36,0,0
2021-12-19,Lebanon,29,36,3,4
2021-12-26,Lebanon,30,41,0,5
2022-01-02,Lebanon,37,47,3,6
2022-01-09,Lebanon,37,42,2,6
2022-01-16,Lebanon,39,37,3,7
2022-01-23,Lebanon,45,39,2,7
2022-01-30,Lebanon,33,35,0,4
2022-02-06,Lebanon,32,36,2,3
2022-02-13,Lebanon,27,35,2,3
2022-02-20,Lebanon,38,27,2,3
2022-02-27,Lebanon,28,27,2,2
2022-03-06,Lebanon,27,24,2,3
2022-03-13,Lebanon,23,30,3,3
2022-03-20,Lebanon,24,25,4,2
2022-03-27,Lebanon,26,31,3,2
2022-04-03,Lebanon,20,24,3,0
2022-04-10,Lebanon,20,22,2,0
2022-04-17,Lebanon,20,29,2,2
2022-04-24,Lebanon,20,28,3,3
2022-05-01,Lebanon,21,24,0,0
2022-05-08,Lebanon,43,38,3,2
2022-05-15,Lebanon,27,23,0,3
2022-05-22,Lebanon,23,23,3,0
2022-05-29,Lebanon,21,20,0,0
2022-06-05,Lebanon,19,19,2,0
2022-06-12,Lebanon,49,24,3,0
2022-06-19,Lebanon,39,15,2,0
2022-06-26,Lebanon,32,18,2,0
2022-07-03,Lebanon,31,15,2,0
2022-07-10,Lebanon,26,16,0,0
2022-07-17,Lebanon,29,17,0,0
2022-07-24,Lebanon,24,13,0,0
2022-07-31,Lebanon,22,12,2,0
2022-08-07,Lebanon,25,15,0,2
2022-08-14,Lebanon,20,16,0,0
2022-08-21,Lebanon,20,14,0,0
2022-08-28,Lebanon,19,14,2,0
2022-09-04,Lebanon,19,14,2,0
2022-09-11,Lebanon,22,17,2,0
2022-09-18,Lebanon,16,17,2,0
2022-09-25,Lebanon,15,14,4,0
2022-10-02,Lebanon,13,13,3,0
2022-10-09,Lebanon,12,11,2,0
2022-10-16,Lebanon,10,12,3,0
2022-10-23,Lebanon,12,13,3,0
2022-10-30,Lebanon,11,12,3,0
2022-11-06,Lebanon,24,14,3,0
2022-11-13,Lebanon,20,16,2,0
2022-11-20,Lebanon,12,8,2,0
2022-11-27,Lebanon,11,11,2,0
2022-12-04,Lebanon,8,7,3,0
2022-12-11,Lebanon,11,10,4,0
2022-12-18,Lebanon,11,8,2,0
2022-12-25,Lebanon,10,9,2,0
2023-01-01,Lebanon,12,10,0,0
2023-01-08,Lebanon,15,13,2,0
2023-01-15,Lebanon,19,12,0,0
2023-01-22,Lebanon,16,13,0,0
2023-01-29,Lebanon,14,10,2,0
2023-02-05,Lebanon,12,10,2,0
2023-02-12,Lebanon,14,11,3,0
2023-02-19,Lebanon,15,12,3,0
2023-02-26,Lebanon,14,10,2,0
2023-03-05,Lebanon,12,9,0,0
2023-03-12,Lebanon,23,15,0,0
2023-03-19,Lebanon,22,11,2,0
2023-03-26,Lebanon,19,12,3,0
2023-04-02,Lebanon,18,14,2,0
2023-04-09,Lebanon,19,13,0,0
2023-04-16,Lebanon,17,13,0,0
2023-04-23,Lebanon,16,12,3,0
2023-04-30,Lebanon,13,12,2,0
2023-05-07,Lebanon,13,12,0,0
2023-05-14,Lebanon,10,9,2,0
2023-05-21,Lebanon,12,10,0,0
2023-05-28,Lebanon,10,8,2,0
2023-06-04,Lebanon,13,12,2,0
2023-06-11,Lebanon,12,10,2,0
2023-06-18,Lebanon,14,9,2,0
2023-06-25,Lebanon,12,6,2,0
2023-07-02,Lebanon,12,10,2,0
2023-07-09,Lebanon,15,12,2,0
2023-07-16,Lebanon,10,9,3,0
2023-07-23,Lebanon,13,12,2,0
2023-07-30,Lebanon,11,9,3,0
2023-08-06,Lebanon,9,12,2,0
2023-08-13,Lebanon,12,10,3,0
2023-08-20,Lebanon,14,9,3,0
2023-08-27,Lebanon,13,9,2,0
2023-09-03,Lebanon,10,6,2,0
2023-09-10,Lebanon,8,10,2,0
2023-09-17,Lebanon,8,8,0,0
2023-09-24,Lebanon,9,7,0,0
2023-10-01,Lebanon,10,8,3,0
2023-10-08,Lebanon,9,8,2,0
2023-10-15,Lebanon,9,5,2,0
2023-10-22,Lebanon,17,7,2,0
2023-10-29,Lebanon,13,6,0,0
2023-11-05,Lebanon,14,6,0,0
2023-11-12,Lebanon,14,8,4,0
2023-11-19,Lebanon,13,8,0,0
2023-11-26,Lebanon,13,9,3,0
2023-12-03,Lebanon,20,10,5,0
2023-12-10,Lebanon,16,9,3,0
2023-12-17,Lebanon,14,10,0,0
2023-12-24,Lebanon,15,14,0,0
2023-12-31,Lebanon,19,12,0,0
2024-01-07,Lebanon,24,14,0,0
2024-01-14,Lebanon,13,11,2,0
2024-01-21,Lebanon,12,10,3,0
2024-01-28,Lebanon,8,9,0,2
2024-02-04,Lebanon,13,13,3,0
2024-02-11,Lebanon,19,13,2,0
2024-02-18,Lebanon,13,13,3,2
2024-02-25,Lebanon,27,15,3,0
2024-03-03,Lebanon,39,21,2,0
2024-03-10,Lebanon,37,25,0,0
2024-03-17,Lebanon,27,17,0,0
2024-03-24,Lebanon,26,21,2,0
2024-03-31,Lebanon,22,22,0,0
2024-04-07,Lebanon,20,17,0,0
2024-04-14,Lebanon,30,13,2,0
2024-04-21,Lebanon,18,11,0,0
2024-04-28,Lebanon,16,11,2,0
2024-05-05,Lebanon,11,9,0,0
2024-05-12,Lebanon,11,9,0,0
2024-05-19,Lebanon,13,10,2,0
2024-05-26,Lebanon,11,10,3,0
2024-06-02,Lebanon,14,9,2,0
2024-06-09,Lebanon,12,9,0,0
2024-06-16,Lebanon,10,12,3,0
2024-06-23,Lebanon,11,10,0,0
2024-06-30,Lebanon,14,10,3,0
2024-07-07,Lebanon,14,12,0,0
2024-07-14,Lebanon,17,12,2,0
2024-07-21,Lebanon,15,11,2,0
2024-07-28,Lebanon,14,8,2,0
2024-08-04,Lebanon,25,12,4,0
2024-08-11,Lebanon,13,11,2,0
2024-08-18,Lebanon,14,9,0,0
2024-08-25,Lebanon,12,12,2,0
2024-09-01,Lebanon,11,10,3,0
2024-09-08,Lebanon,14,9,0,0
2024-09-15,Lebanon,15,10,0,0
2024-09-22,Lebanon,12,6,0,0
2024-09-29,Lebanon,8,6,3,0
2024-10-06,Lebanon,10,5,0,0
2024-10-13,Lebanon,12,7,0,0
2024-10-20,Lebanon,10,7,0,0
2024-10-27,Lebanon,13,11,3,0
2024-11-03,Lebanon,25,11,0,0
2024-11-10,Lebanon,45,25,2,0
2024-11-17,Lebanon,30,19,4,0
2024-11-24,Lebanon,21,18,3,0
2024-12-01,Lebanon,27,29,0,0
2024-12-08,Lebanon,24,29,0,0
2024-12-15,Lebanon,27,27,0,0
2024-12-22,Lebanon,21,22,0,0
2024-12-29,Lebanon,25,23,0,0
2025-01-05,Lebanon,19,21,0,0
2025-01-12,Lebanon,22,20,3,0
2025-01-19,Lebanon,27,33,3,0
2025-01-26,Lebanon,19,22,4,0
2025-02-02,Lebanon,21,19,3,0
2025-02-09,Lebanon,16,18,2,0
2025-02-16,Lebanon,16,17,0,0
2025-02-23,Lebanon,24,15,2,0
2025-03-02,Lebanon,30,24,0,0
2025-03-09,Lebanon,25,14,0,0
2025-03-16,Lebanon,14,15,0,0
2025-03-23,Lebanon,13,9,3,0
2025-03-30,Lebanon,19,12,3,0
2025-04-06,Lebanon,26,11,4,0
2025-04-13,Lebanon,15,11,0,0
2025-04-20,Lebanon,15,9,2,0
2025-04-27,Lebanon,12,9,4,0
2025-05-04,Lebanon,15,12,0,0
2025-05-11,Lebanon,16,12,3,0
2025-05-18,Lebanon,18,7,3,0
2025-05-25,Lebanon,20,9,3,0
2025-06-01,Lebanon,16,11,4,0
2025-06-08,Lebanon,16,10,0,0
2025-06-15,Lebanon,10,9,2,0
2025-06-22,Lebanon,12,9,3,0
2025-06-29,Lebanon,12,8,3,0
week,country,bitcoin,cryptocurrency,markets,nfts
2020-06-28,Afghanistan,23,0,0,0
2020-07-05,Afghanistan,0,0,0,0
2020-07-12,Afghanistan,23,0,0,0
2020-07-19,Afghanistan,0,0,0,0
2020-07-26,Afghanistan,39,0,0,0
2020-08-02,Afghanistan,24,0,0,0
2020-08-09,Afghanistan,34,0,0,0
2020-08-16,Afghanistan,22,22,0,0
2020-08-23,Afghanistan,0,0,0,0
2020-08-30,Afghanistan,25,0,0,0
2020-09-06,Afghanistan,0,0,0,0
2020-09-13,Afghanistan,18,0,0,0
2020-09-20,Afghanistan,21,0,0,0
2020-09-27,Afghanistan,0,0,0,0
2020-10-04,Afghanistan,18,0,0,0
2020-10-11,Afghanistan,0,0,0,0
2020-10-18,Afghanistan,28,0,0,0
2020-10-25,Afghanistan,28,0,0,0
2020-11-01,Afghanistan,18,0,0,0
2020-11-08,Afghanistan,18,0,0,0
2020-11-15,Afghanistan,0,0,0,0
2020-11-22,Afghanistan,30,23,0,0
2020-11-29,Afghanistan,20,0,0,0
2020-12-06,Afghanistan,20,0,0,0
2020-12-13,Afghanistan,27,0,0,0
2020-12-20,Afghanistan,30,0,0,0
2020-12-27,Afghanistan,68,0,0,0
2021-01-03,Afghanistan,84,17,0,0
2021-01-10,Afghanistan,79,18,0,0
2021-01-17,Afghanistan,42,25,0,0
2021-01-24,Afghanistan,43,20,0,0
2021-01-31,Afghanistan,42,46,0,0
2021-02-07,Afghanistan,79,25,0,0
2021-02-14,Afghanistan,77,38,0,0
2021-02-21,Afghanistan,91,30,0,0
2021-02-28,Afghanistan,74,29,0,0
2021-03-07,Afghanistan,59,36,0,0
2021-03-14,Afghanistan,47,37,0,0
2021-03-21,Afghanistan,63,38,0,0
2021-03-28,Afghanistan,47,40,0,0
2021-04-04,Afghanistan,38,47,0,0
2021-04-11,Afghanistan,57,70,0,0
2021-04-18,Afghanistan,66,83,0,0
2021-04-25,Afghanistan,46,44,0,0
2021-05-02,Afghanistan,55,81,0,0
2021-05-09,Afghanistan,57,83,0,0
2021-05-16,Afghanistan,80,69,0,0
2021-05-23,Afghanistan,73,32,0,0
2021-05-30,Afghanistan,39,29,0,0
2021-06-06,Afghanistan,35,40,0,0
2021-06-13,Afghanistan,36,31,0,0
2021-06-20,Afghanistan,45,34,17,0
2021-06-27,Afghanistan,41,21,0,0
2021-07-04,Afghanistan,23,18,0,0
2021-07-11,Afghanistan,25,23,0,0
2021-07-18,Afghanistan,27,22,0,0
2021-07-25,Afghanistan,18,29,0,0
2021-08-01,Afghanistan,23,31,0,0
2021-08-08,Afghanistan,26,20,0,0
2021-08-15,Afghanistan,18,0,0,0
2021-08-22,Afghanistan,26,0,0,0
2021-08-29,Afghanistan,30,28,0,0
2021-09-05,Afghanistan,26,28,0,0
2021-09-12,Afghanistan,29,0,0,0
2021-09-19,Afghanistan,21,35,0,0
2021-09-26,Afghanistan,0,28,0,0
2021-10-03,Afghanistan,20,19,0,0
2021-10-10,Afghanistan,32,29,0,0
2021-10-17,Afghanistan,30,0,0,0
2021-10-24,Afghanistan,25,44,0,0
2021-10-31,Afghanistan,20,60,0,0
2021-11-07,Afghanistan,24,20,0,0
2021-11-14,Afghanistan,19,57,0,0
2021-11-21,Afghanistan,33,31,0,0
2021-11-28,Afghanistan,29,28,0,0
2021-12-05,Afghanistan,31,42,0,0
2021-12-12,Afghanistan,42,27,0,0
2021-12-19,Afghanistan,23,28,0,0
2021-12-26,Afghanistan,35,36,0,0
2022-01-02,Afghanistan,34,51,0,0
2022-01-09,Afghanistan,39,56,0,0
2022-01-16,Afghanistan,29,53,0,15
2022-01-23,Afghanistan,37,44,0,0
2022-01-30,Afghanistan,26,34,0,0
2022-02-06,Afghanistan,30,38,0,0
2022-02-13,Afghanistan,39,46,0,0
2022-02-20,Afghanistan,27,33,0,0
2022-02-27,Afghanistan,38,39,0,0
2022-03-06,Afghanistan,24,31,0,0
2022-03-13,Afghanistan,29,36,0,0
2022-03-20,Afghanistan,24,31,0,0
2022-03-27,Afghanistan,32,40,0,0
2022-04-03,Afghanistan,35,28,0,0
2022-04-10,Afghanistan,30,36,0,0
2022-04-17,Afghanistan,27,47,0,0
2022-04-24,Afghanistan,34,51,0,0
2022-05-01,Afghanistan,24,25,0,0
2022-05-08,Afghanistan,53,43,0,0
2022-05-15,Afghanistan,51,52,0,0
2022-05-22,Afghanistan,34,40,0,0
2022-05-29,Afghanistan,36,38,0,0
2022-06-05,Afghanistan,40,44,0,0
2022-06-12,Afghanistan,57,30,0,0
2022-06-19,Afghanistan,51,22,0,0
2022-06-26,Afghanistan,52,36,0,0
2022-07-03,Afghanistan,40,27,0,0
2022-07-10,Afghanistan,47,15,0,0
2022-07-17,Afghanistan,43,31,0,0
2022-07-24,Afghanistan,35,23,0,0
2022-07-31,Afghanistan,32,29,0,0
2022-08-07,Afghanistan,41,17,0,0
2022-08-14,Afghanistan,26,0,0,0
2022-08-21,Afghanistan,22,18,0,0
2022-08-28,Afghanistan,14,15,0,0
2022-09-04,Afghanistan,19,26,0,0
2022-09-11,Afghanistan,15,25,0,0
2022-09-18,Afghanistan,20,26,0,0
2022-09-25,Afghanistan,17,39,0,0
2022-10-02,Afghanistan,23,29,0,0
2022-10-09,Afghanistan,24,34,0,0
2022-10-16,Afghanistan,15,21,0,0
2022-10-23,Afghanistan,12,35,0,0
2022-10-30,Afghanistan,14,26,0,0
2022-11-06,Afghanistan,15,34,0,0
2022-11-13,Afghanistan,31,21,0,0
2022-11-20,Afghanistan,18,17,0,0
2022-11-27,Afghanistan,20,36,0,0
2022-12-04,Afghanistan,21,19,0,0
2022-12-11,Afghanistan,0,33,0,0
2022-12-18,Afghanistan,17,22,0,0
2022-12-25,Afghanistan,14,16,0,0
2023-01-01,Afghanistan,23,28,0,0
2023-01-08,Afghanistan,19,27,0,0
2023-01-15,Afghanistan,17,21,0,0
2023-01-22,Afghanistan,16,28,0,0
2023-01-29,Afghanistan,19,30,0,0
2023-02-05,Afghanistan,13,33,0,0
2023-02-12,Afghanistan,24,17,0,0
2023-02-19,Afghanistan,21,32,0,0
2023-02-26,Afghanistan,16,26,0,0
2023-03-05,Afghanistan,21,27,0,0
2023-03-12,Afghanistan,23,40,0,0
2023-03-19,Afghanistan,28,31,0,0
2023-03-26,Afghanistan,21,41,0,0
2023-04-02,Afghanistan,31,36,0,0
2023-04-09,Afghanistan,33,34,0,0
2023-04-16,Afghanistan,23,24,0,0
2023-04-23,Afghanistan,18,30,0,0
2023-04-30,Afghanistan,28,35,0,0
2023-05-07,Afghanistan,26,40,0,0
2023-05-14,Afghanistan,0,36,0,0
2023-05-21,Afghanistan,0,31,0,0
2023-05-28,Afghanistan,14,37,0,0
2023-06-04,Afghanistan,24,27,0,0
2023-06-11,Afghanistan,20,18,0,0
2023-06-18,Afghanistan,0,34,0,0
2023-06-25,Afghanistan,19,38,0,20
2023-07-02,Afghanistan,21,33,0,0
2023-07-09,Afghanistan,16,31,0,0
2023-07-16,Afghanistan,23,45,0,0
2023-07-23,Afghanistan,17,30,0,0
2023-07-30,Afghanistan,0,39,0,0
2023-08-06,Afghanistan,20,42,0,0
2023-08-13,Afghanistan,17,38,0,0
2023-08-20,Afghanistan,16,34,0,0
2023-08-27,Afghanistan,19,31,17,0
2023-09-03,Afghanistan,19,25,0,0
2023-09-10,Afghanistan,15,30,0,0
2023-09-17,Afghanistan,15,40,0,0
2023-09-24,Afghanistan,23,38,0,0
2023-10-01,Afghanistan,20,29,0,0
2023-10-08,Afghanistan,18,39,0,0
2023-10-15,Afghanistan,0,39,0,0
2023-10-22,Afghanistan,22,25,0,0
2023-10-29,Afghanistan,16,43,0,0
2023-11-05,Afghanistan,0,28,0,0
2023-11-12,Afghanistan,14,48,0,0
2023-11-19,Afghanistan,14,31,0,0
2023-11-26,Afghanistan,21,38,0,0
2023-12-03,Afghanistan,28,57,0,0
2023-12-10,Afghanistan,0,36,0,0
2023-12-17,Afghanistan,25,52,0,0
2023-12-24,Afghanistan,29,51,0,0
2023-12-31,Afghanistan,14,49,0,0
2024-01-07,Afghanistan,26,57,0,0
2024-01-14,Afghanistan,19,46,0,0
2024-01-21,Afghanistan,32,44,0,0
2024-01-28,Afghanistan,19,47,0,0
2024-02-04,Afghanistan,21,44,0,0
2024-02-11,Afghanistan,29,59,0,0
2024-02-18,Afghanistan,20,44,0,0
2024-02-25,Afghanistan,31,43,0,0
2024-03-03,Afghanistan,48,57,0,0
2024-03-10,Afghanistan,64,82,0,0
2024-03-17,Afghanistan,41,71,0,0
2024-03-24,Afghanistan,30,62,0,0
2024-03-31,Afghanistan,39,75,0,0
2024-04-07,Afghanistan,26,39,0,0
2024-04-14,Afghanistan,28,51,0,0
2024-04-21,Afghanistan,29,51,0,0
2024-04-28,Afghanistan,36,50,0,0
2024-05-05,Afghanistan,26,40,0,0
2024-05-12,Afghanistan,26,48,0,0
2024-05-19,Afghanistan,29,80,0,0
2024-05-26,Afghanistan,35,79,0,0
2024-06-02,Afghanistan,42,87,0,0
2024-06-09,Afghanistan,27,94,0,0
2024-06-16,Afghanistan,28,80,0,0
2024-06-23,Afghanistan,32,65,0,0
2024-06-30,Afghanistan,34,92,0,0
2024-07-07,Afghanistan,51,70,18,0
2024-07-14,Afghanistan,60,100,0,0
2024-07-21,Afghanistan,41,90,0,0
2024-07-28,Afghanistan,26,80,0,0
2024-08-04,Afghanistan,42,73,0,0
2024-08-11,Afghanistan,40,44,0,0
2024-08-18,Afghanistan,37,64,0,0
2024-08-25,Afghanistan,30,80,0,0
2024-09-01,Afghanistan,28,67,0,0
2024-09-08,Afghanistan,30,66,0,0
2024-09-15,Afghanistan,25,66,0,0
2024-09-22,Afghanistan,33,80,0,0
2024-09-29,Afghanistan,14,67,0,0
2024-10-06,Afghanistan,0,50,0,0
2024-10-13,Afghanistan,15,68,0,0
2024-10-20,Afghanistan,19,52,0,0
2024-10-27,Afghanistan,26,53,0,0
2024-11-03,Afghanistan,35,57,0,0
2024-11-10,Afghanistan,70,72,0,0
2024-11-17,Afghanistan,56,75,0,0
2024-11-24,Afghanistan,30,74,0,0
2024-12-01,Afghanistan,43,66,0,0
2024-12-08,Afghanistan,29,67,0,0
2024-12-15,Afghanistan,21,68,0,0
2024-12-22,Afghanistan,37,56,0,0
2024-12-29,Afghanistan,20,46,0,0
2025-01-05,Afghanistan,26,51,0,0
2025-01-12,Afghanistan,20,45,0,0
2025-01-19,Afghanistan,39,79,0,0
2025-01-26,Afghanistan,23,49,0,0
2025-02-02,Afghanistan,18,52,0,0
2025-02-09,Afghanistan,22,52,0,0
2025-02-16,Afghanistan,16,52,0,0
2025-02-23,Afghanistan,16,40,0,0
2025-03-02,Afghanistan,28,50,0,0
2025-03-09,Afghanistan,18,29,0,0
2025-03-16,Afghanistan,17,35,0,0
2025-03-23,Afghanistan,13,19,0,0
2025-03-30,Afghanistan,0,22,0,0
2025-04-06,Afghanistan,22,26,0,0
2025-04-13,Afghanistan,0,24,0,0
2025-04-20,Afghanistan,0,35,0,0
2025-04-27,Afghanistan,17,38,0,0
2025-05-04,Afghanistan,0,22,0,0
2025-05-11,Afghanistan,21,28,0,0
2025-05-18,Afghanistan,16,40,0,0
2025-05-25,Afghanistan,0,33,0,0
2025-06-01,Afghanistan,0,22,0,0
2025-06-08,Afghanistan,14,27,0,0
2025-06-15,Afghanistan,10,22,3,0
2025-06-22,Afghanistan,11,28,3,0
2025-06-29,Afghanistan,8,29,0,0
week,country,bitcoin,cryptocurrency,markets,nfts
2020-06-28,Sudan,0,0,0,0
2020-07-05,Sudan,0,0,0,0
2020-07-12,Sudan,0,0,0,0
2020-07-19,Sudan,21,0,0,0
2020-07-26,Sudan,0,0,0,0
2020-08-02,Sudan,18,0,0,0
2020-08-09,Sudan,0,0,0,0
2020-08-16,Sudan,0,0,0,0
2020-08-23,Sudan,0,0,0,0
2020-08-30,Sudan,16,0,0,0
2020-09-06,Sudan,0,0,0,0
2020-09-13,Sudan,0,0,0,0
2020-09-20,Sudan,0,0,0,0
2020-09-27,Sudan,0,0,0,0
2020-10-04,Sudan,0,19,0,0
2020-10-11,Sudan,0,0,0,0
2020-10-18,Sudan,0,0,0,0
2020-10-25,Sudan,20,0,0,0
2020-11-01,Sudan,0,0,0,0
2020-11-08,Sudan,33,0,0,0
2020-11-15,Sudan,36,0,0,0
2020-11-22,Sudan,38,0,0,0
2020-11-29,Sudan,17,0,0,0
2020-12-06,Sudan,19,0,0,0
2020-12-13,Sudan,30,0,0,0
2020-12-20,Sudan,30,0,0,0
2020-12-27,Sudan,23,0,0,0
2021-01-03,Sudan,45,0,0,0
2021-01-10,Sudan,32,0,0,0
2021-01-17,Sudan,26,0,0,0
2021-01-24,Sudan,20,0,0,0
2021-01-31,Sudan,27,0,0,0
2021-02-07,Sudan,46,0,0,0
2021-02-14,Sudan,41,0,0,0
2021-02-21,Sudan,62,22,0,0
2021-02-28,Sudan,35,0,0,0
2021-03-07,Sudan,38,0,0,0
2021-03-14,Sudan,39,0,0,0
2021-03-21,Sudan,41,0,0,0
2021-03-28,Sudan,18,0,21,0
2021-04-04,Sudan,32,20,0,0
2021-04-11,Sudan,45,34,0,0
2021-04-18,Sudan,38,25,0,0
2021-04-25,Sudan,28,18,0,0
2021-05-02,Sudan,20,0,0,0
2021-05-09,Sudan,43,34,0,0
2021-05-16,Sudan,39,27,0,0
2021-05-23,Sudan,30,0,0,0
2021-05-30,Sudan,29,0,0,0
2021-06-06,Sudan,41,0,0,0
2021-06-13,Sudan,28,0,0,0
2021-06-20,Sudan,39,0,0,21
2021-06-27,Sudan,19,0,0,0
2021-07-04,Sudan,26,0,0,0
2021-07-11,Sudan,24,19,0,0
2021-07-18,Sudan,49,0,0,0
2021-07-25,Sudan,26,22,0,0
2021-08-01,Sudan,27,18,23,0
2021-08-08,Sudan,27,26,0,0
2021-08-15,Sudan,35,21,0,0
2021-08-22,Sudan,0,0,0,0
2021-08-29,Sudan,25,0,0,0
2021-09-05,Sudan,24,24,0,0
2021-09-12,Sudan,38,17,0,0
2021-09-19,Sudan,21,0,0,0
2021-09-26,Sudan,18,23,0,0
2021-10-03,Sudan,22,36,0,0
2021-10-10,Sudan,21,0,0,0
2021-10-17,Sudan,19,26,0,0
2021-10-24,Sudan,0,0,0,0
2021-10-31,Sudan,0,0,0,0
2021-11-07,Sudan,0,0,0,0
2021-11-14,Sudan,0,0,0,0
2021-11-21,Sudan,20,20,0,0
2021-11-28,Sudan,18,24,0,0
2021-12-05,Sudan,25,25,0,0
2021-12-12,Sudan,37,0,0,0
2021-12-19,Sudan,0,0,0,0
2021-12-26,Sudan,25,27,0,0
2022-01-02,Sudan,31,22,0,0
2022-01-09,Sudan,25,19,0,0
2022-01-16,Sudan,42,0,0,0
2022-01-23,Sudan,30,34,0,0
2022-01-30,Sudan,24,25,0,0
2022-02-06,Sudan,18,29,0,0
2022-02-13,Sudan,29,23,0,0
2022-02-20,Sudan,24,15,0,0
2022-02-27,Sudan,42,27,0,0
2022-03-06,Sudan,18,22,0,0
2022-03-13,Sudan,30,25,0,0
2022-03-20,Sudan,30,15,0,0
2022-03-27,Sudan,33,31,0,0
2022-04-03,Sudan,50,29,0,0
2022-04-10,Sudan,0,24,0,0
2022-04-17,Sudan,27,24,0,0
2022-04-24,Sudan,21,0,0,0
2022-05-01,Sudan,17,20,0,0
2022-05-08,Sudan,38,18,0,0
2022-05-15,Sudan,20,0,0,0
2022-05-22,Sudan,19,21,0,0
2022-05-29,Sudan,20,18,0,0
2022-06-05,Sudan,27,24,0,0
2022-06-12,Sudan,40,0,0,0
2022-06-19,Sudan,34,0,0,0
2022-06-26,Sudan,43,22,0,0
2022-07-03,Sudan,0,0,0,0
2022-07-10,Sudan,0,25,0,0
2022-07-17,Sudan,17,20,0,0
2022-07-24,Sudan,0,0,0,0
2022-07-31,Sudan,0,16,0,0
2022-08-07,Sudan,22,0,0,0
2022-08-14,Sudan,23,18,0,0
2022-08-21,Sudan,0,0,0,0
2022-08-28,Sudan,21,15,0,0
2022-09-04,Sudan,15,16,0,0
2022-09-11,Sudan,0,24,0,0
2022-09-18,Sudan,15,0,0,0
2022-09-25,Sudan,24,21,0,0
2022-10-02,Sudan,17,16,0,0
2022-10-09,Sudan,0,18,0,0
2022-10-16,Sudan,20,0,0,0
2022-10-23,Sudan,21,0,0,0
2022-10-30,Sudan,0,0,0,0
2022-11-06,Sudan,17,0,0,0
2022-11-13,Sudan,26,0,0,0
2022-11-20,Sudan,0,16,0,0
2022-11-27,Sudan,0,20,0,0
2022-12-04,Sudan,0,0,0,0
2022-12-11,Sudan,16,0,0,0
2022-12-18,Sudan,0,0,0,0
2022-12-25,Sudan,17,0,0,0
2023-01-01,Sudan,0,0,0,0
2023-01-08,Sudan,0,0,0,0
2023-01-15,Sudan,16,0,0,0
2023-01-22,Sudan,0,19,0,0
2023-01-29,Sudan,19,0,0,0
2023-02-05,Sudan,22,0,0,0
2023-02-12,Sudan,17,0,0,0
2023-02-19,Sudan,0,0,0,0
2023-02-26,Sudan,0,0,0,0
2023-03-05,Sudan,0,0,0,0
2023-03-12,Sudan,0,0,0,0
2023-03-19,Sudan,40,0,0,0
2023-03-26,Sudan,18,0,0,0
2023-04-02,Sudan,19,17,0,0
2023-04-09,Sudan,23,0,0,0
2023-04-16,Sudan,0,0,0,0
2023-04-23,Sudan,0,0,0,0
2023-04-30,Sudan,0,0,0,0
2023-05-07,Sudan,0,0,0,0
2023-05-14,Sudan,0,0,0,0
2023-05-21,Sudan,0,0,0,0
2023-05-28,Sudan,0,0,0,0
2023-06-04,Sudan,0,0,0,0
2023-06-11,Sudan,0,0,0,0
2023-06-18,Sudan,0,0,0,0
2023-06-25,Sudan,0,0,0,0
2023-07-02,Sudan,0,0,0,0
2023-07-09,Sudan,0,0,0,0
2023-07-16,Sudan,0,0,0,0
2023-07-23,Sudan,0,0,0,0
2023-07-30,Sudan,0,0,0,0
2023-08-06,Sudan,0,0,0,0
2023-08-13,Sudan,0,0,0,0
2023-08-20,Sudan,0,0,0,0
2023-08-27,Sudan,0,0,0,0
2023-09-03,Sudan,0,0,0,0
2023-09-10,Sudan,0,0,0,0
2023-09-17,Sudan,0,0,0,0
2023-09-24,Sudan,0,0,0,0
2023-10-01,Sudan,0,0,0,0
2023-10-08,Sudan,0,0,0,0
2023-10-15,Sudan,0,0,0,0
2023-10-22,Sudan,0,0,0,0
2023-10-29,Sudan,0,0,0,0
2023-11-05,Sudan,0,0,0,0
2023-11-12,Sudan,0,0,0,0
2023-11-19,Sudan,0,0,0,0
2023-11-26,Sudan,0,0,0,0
2023-12-03,Sudan,0,0,0,0
2023-12-10,Sudan,0,0,0,0
2023-12-17,Sudan,0,0,0,0
2023-12-24,Sudan,0,0,0,0
2023-12-31,Sudan,0,0,0,0
2024-01-07,Sudan,0,0,0,0
2024-01-14,Sudan,0,0,0,0
2024-01-21,Sudan,0,0,0,0
2024-01-28,Sudan,0,0,0,0
2024-02-04,Sudan,0,0,0,0
2024-02-11,Sudan,0,0,0,0
2024-02-18,Sudan,100,0,0,0
2024-02-25,Sudan,0,0,0,0
2024-03-03,Sudan,0,0,0,0
2024-03-10,Sudan,0,0,0,0
2024-03-17,Sudan,0,0,0,0
2024-03-24,Sudan,0,0,0,0
2024-03-31,Sudan,0,67,0,0
2024-04-07,Sudan,0,0,0,0
2024-04-14,Sudan,0,0,0,0
2024-04-21,Sudan,0,0,0,0
2024-04-28,Sudan,0,0,0,0
2024-05-05,Sudan,0,0,0,0
2024-05-12,Sudan,0,0,0,0
2024-05-19,Sudan,0,0,0,0
2024-05-26,Sudan,0,0,0,0
2024-06-02,Sudan,0,0,0,0
2024-06-09,Sudan,0,0,0,0
2024-06-16,Sudan,0,0,0,61
2024-06-23,Sudan,0,0,0,0
2024-06-30,Sudan,0,0,0,0
2024-07-07,Sudan,0,0,0,0
2024-07-14,Sudan,0,0,0,0
2024-07-21,Sudan,0,0,0,0
2024-07-28,Sudan,0,0,0,0
2024-08-04,Sudan,0,0,0,0
2024-08-11,Sudan,46,0,0,0
2024-08-18,Sudan,0,0,0,0
2024-08-25,Sudan,0,0,0,0
2024-09-01,Sudan,0,64,0,0
2024-09-08,Sudan,0,0,0,0
2024-09-15,Sudan,0,0,0,0
2024-09-22,Sudan,0,0,0,0
2024-09-29,Sudan,0,61,0,0
2024-10-06,Sudan,0,50,0,0
2024-10-13,Sudan,0,0,0,0
2024-10-20,Sudan,0,0,0,0
2024-10-27,Sudan,0,0,0,0
2024-11-03,Sudan,0,0,0,0
2024-11-10,Sudan,0,0,0,0
2024-11-17,Sudan,0,0,0,0
2024-11-24,Sudan,0,0,0,0
2024-12-01,Sudan,0,0,0,0
2024-12-08,Sudan,0,0,0,0
2024-12-15,Sudan,0,0,0,0
2024-12-22,Sudan,0,0,0,0
2024-12-29,Sudan,0,0,0,0
2025-01-05,Sudan,0,0,0,0
2025-01-12,Sudan,49,0,0,0
2025-01-19,Sudan,0,0,0,0
2025-01-26,Sudan,0,0,0,0
2025-02-02,Sudan,0,0,0,0
2025-02-09,Sudan,0,0,0,0
2025-02-16,Sudan,0,0,0,0
2025-02-23,Sudan,0,0,0,0
2025-03-02,Sudan,0,0,0,0
2025-03-09,Sudan,0,0,0,0
2025-03-16,Sudan,0,0,0,0
2025-03-23,Sudan,0,0,0,0
2025-03-30,Sudan,0,0,0,0
2025-04-06,Sudan,0,0,0,0
2025-04-13,Sudan,0,0,0,0
2025-04-20,Sudan,0,0,0,0
2025-04-27,Sudan,0,0,0,0
2025-05-04,Sudan,0,0,0,0
2025-05-11,Sudan,0,0,0,0
2025-05-18,Sudan,0,0,0,0
2025-05-25,Sudan,0,0,0,0
2025-06-01,Sudan,0,0,0,0
2025-06-08,Sudan,0,0,0,0
2025-06-15,Sudan,4,12,2,0
2025-06-22,Sudan,2,7,2,0
2025-06-29,Sudan,0,0,0,0
week,country,bitcoin,cryptocurrency,markets,nfts
2020-06-28,Nigeria,49,9,1,0
2020-07-05,Nigeria,48,10,2,0
2020-07-12,Nigeria,48,10,2,0
2020-07-19,Nigeria,49,14,2,0
2020-07-26,Nigeria,60,18,2,0
2020-08-02,Nigeria,61,18,2,0
2020-08-09,Nigeria,55,16,2,0
2020-08-16,Nigeria,51,19,2,0
2020-08-23,Nigeria,52,18,1,0
2020-08-30,Nigeria,56,22,2,0
2020-09-06,Nigeria,52,16,2,0
2020-09-13,Nigeria,47,16,2,0
2020-09-20,Nigeria,43,13,2,0
2020-09-27,Nigeria,40,11,2,0
2020-10-04,Nigeria,43,11,2,0
2020-10-11,Nigeria,44,11,2,0
2020-10-18,Nigeria,42,9,2,0
2020-10-25,Nigeria,45,11,2,0
2020-11-01,Nigeria,42,9,1,0
2020-11-08,Nigeria,48,11,2,0
2020-11-15,Nigeria,52,12,2,0
2020-11-22,Nigeria,54,15,2,0
2020-11-29,Nigeria,52,12,2,0
2020-12-06,Nigeria,47,11,2,0
2020-12-13,Nigeria,57,12,2,0
2020-12-20,Nigeria,56,14,1,0
2020-12-27,Nigeria,61,16,1,0
2021-01-03,Nigeria,100,26,1,0
2021-01-10,Nigeria,89,20,2,0
2021-01-17,Nigeria,60,17,1,0
2021-01-24,Nigeria,58,17,2,0
2021-01-31,Nigeria,65,54,2,0
2021-02-07,Nigeria,63,50,2,0
2021-02-14,Nigeria,56,31,2,0
2021-02-21,Nigeria,68,28,2,0
2021-02-28,Nigeria,52,19,2,0
2021-03-07,Nigeria,51,19,2,0
2021-03-14,Nigeria,48,23,2,0
2021-03-21,Nigeria,51,25,2,0
2021-03-28,Nigeria,51,26,2,0
2021-04-04,Nigeria,50,33,2,0
2021-04-11,Nigeria,51,38,2,0
2021-04-18,Nigeria,61,42,2,0
2021-04-25,Nigeria,51,33,2,0
2021-05-02,Nigeria,46,40,1,0
2021-05-09,Nigeria,52,44,2,0
2021-05-16,Nigeria,88,46,2,0
2021-05-23,Nigeria,53,31,2,0
2021-05-30,Nigeria,48,25,2,0
2021-06-06,Nigeria,44,24,2,0
2021-06-13,Nigeria,45,21,2,0
2021-06-20,Nigeria,48,21,2,0
2021-06-27,Nigeria,45,19,2,0
2021-07-04,Nigeria,43,19,2,0
2021-07-11,Nigeria,44,20,2,0
2021-07-18,Nigeria,43,20,2,0
2021-07-25,Nigeria,48,22,2,0
2021-08-01,Nigeria,43,20,2,0
2021-08-08,Nigeria,43,22,2,0
2021-08-15,Nigeria,46,23,2,0
2021-08-22,Nigeria,41,23,2,1
2021-08-29,Nigeria,44,24,2,0
2021-09-05,Nigeria,48,25,2,0
2021-09-12,Nigeria,43,23,2,0
2021-09-19,Nigeria,40,24,2,0
2021-09-26,Nigeria,42,22,2,0
2021-10-03,Nigeria,46,28,2,0
2021-10-10,Nigeria,48,27,2,0
2021-10-17,Nigeria,46,26,2,1
2021-10-24,Nigeria,47,38,1,2
2021-10-31,Nigeria,42,35,2,1
2021-11-07,Nigeria,50,38,2,2
2021-11-14,Nigeria,49,40,2,1
2021-11-21,Nigeria,44,35,2,1
2021-11-28,Nigeria,41,28,2,1
2021-12-05,Nigeria,45,26,2,1
2021-12-12,Nigeria,42,27,1,1
2021-12-19,Nigeria,43,26,1,1
2021-12-26,Nigeria,43,31,1,1
2022-01-02,Nigeria,59,45,2,3
2022-01-09,Nigeria,59,40,2,2
2022-01-16,Nigeria,59,38,2,3
2022-01-23,Nigeria,69,38,2,4
2022-01-30,Nigeria,59,35,2,6
2022-02-06,Nigeria,58,32,2,3
2022-02-13,Nigeria,62,36,2,2
2022-02-20,Nigeria,60,33,2,2
2022-02-27,Nigeria,61,34,2,2
2022-03-06,Nigeria,59,35,2,2
2022-03-13,Nigeria,59,32,2,2
2022-03-20,Nigeria,62,34,2,2
2022-03-27,Nigeria,63,33,2,2
2022-04-03,Nigeria,58,36,2,4
2022-04-10,Nigeria,58,33,1,5
2022-04-17,Nigeria,59,37,2,3
2022-04-24,Nigeria,62,35,2,3
2022-05-01,Nigeria,63,32,2,3
2022-05-08,Nigeria,80,39,3,2
2022-05-15,Nigeria,56,33,2,1
2022-05-22,Nigeria,56,32,2,2
2022-05-29,Nigeria,55,30,2,2
2022-06-05,Nigeria,53,30,2,1
2022-06-12,Nigeria,81,33,2,2
2022-06-19,Nigeria,74,31,2,1
2022-06-26,Nigeria,59,29,2,1
2022-07-03,Nigeria,57,29,2,1
2022-07-10,Nigeria,53,28,2,1
2022-07-17,Nigeria,60,28,2,1
2022-07-24,Nigeria,60,29,2,1
2022-07-31,Nigeria,51,27,2,1
2022-08-07,Nigeria,51,26,2,1
2022-08-14,Nigeria,51,29,2,1
2022-08-21,Nigeria,46,27,2,1
2022-08-28,Nigeria,48,29,2,1
2022-09-04,Nigeria,47,28,2,1
2022-09-11,Nigeria,48,29,2,1
2022-09-18,Nigeria,47,29,2,1
2022-09-25,Nigeria,48,28,2,1
2022-10-02,Nigeria,44,27,2,1
2022-10-09,Nigeria,40,26,2,1
2022-10-16,Nigeria,40,24,2,1
2022-10-23,Nigeria,41,25,2,1
2022-10-30,Nigeria,41,25,2,1
2022-11-06,Nigeria,45,27,2,1
2022-11-13,Nigeria,45,28,2,1
2022-11-20,Nigeria,39,23,2,1
2022-11-27,Nigeria,39,23,2,1
2022-12-04,Nigeria,40,24,2,1
2022-12-11,Nigeria,42,24,2,0
2022-12-18,Nigeria,41,23,2,1
2022-12-25,Nigeria,39,22,2,0
2023-01-01,Nigeria,39,23,2,0
2023-01-08,Nigeria,43,26,2,0
2023-01-15,Nigeria,41,22,2,0
2023-01-22,Nigeria,43,23,2,0
2023-01-29,Nigeria,43,24,2,0
2023-02-05,Nigeria,42,24,2,1
2023-02-12,Nigeria,37,21,2,0
2023-02-19,Nigeria,38,23,2,0
2023-02-26,Nigeria,40,18,2,0
2023-03-05,Nigeria,38,24,2,0
2023-03-12,Nigeria,43,23,2,1
2023-03-19,Nigeria,42,24,2,0
2023-03-26,Nigeria,42,24,3,0
2023-04-02,Nigeria,41,23,2,0
2023-04-09,Nigeria,42,23,3,0
2023-04-16,Nigeria,44,23,2,0
2023-04-23,Nigeria,42,22,2,1
2023-04-30,Nigeria,41,24,3,1
2023-05-07,Nigeria,41,22,3,0
2023-05-14,Nigeria,38,20,2,1
2023-05-21,Nigeria,40,21,2,0
2023-05-28,Nigeria,37,22,2,0
2023-06-04,Nigeria,40,24,2,0
2023-06-11,Nigeria,37,22,3,0
2023-06-18,Nigeria,41,21,2,0
2023-06-25,Nigeria,45,23,2,0
2023-07-02,Nigeria,43,21,3,0
2023-07-09,Nigeria,43,24,3,0
2023-07-16,Nigeria,44,23,2,0
2023-07-23,Nigeria,44,25,2,0
2023-07-30,Nigeria,46,25,2,0
2023-08-06,Nigeria,46,23,2,0
2023-08-13,Nigeria,43,24,2,0
2023-08-20,Nigeria,40,22,2,0
2023-08-27,Nigeria,40,21,2,0
2023-09-03,Nigeria,40,21,2,0
2023-09-10,Nigeria,39,21,2,0
2023-09-17,Nigeria,35,19,2,0
2023-09-24,Nigeria,37,20,3,0
2023-10-01,Nigeria,39,21,2,0
2023-10-08,Nigeria,37,20,3,0
2023-10-15,Nigeria,40,21,2,0
2023-10-22,Nigeria,46,21,2,0
2023-10-29,Nigeria,40,21,2,0
2023-11-05,Nigeria,37,20,2,0
2023-11-12,Nigeria,40,21,2,0
2023-11-19,Nigeria,42,21,2,0
2023-11-26,Nigeria,37,20,2,0
2023-12-03,Nigeria,40,23,2,0
2023-12-10,Nigeria,38,24,2,0
2023-12-17,Nigeria,37,26,2,0
2023-12-24,Nigeria,38,29,2,0
2023-12-31,Nigeria,40,34,2,0
2024-01-07,Nigeria,42,26,2,0
2024-01-14,Nigeria,36,26,2,0
2024-01-21,Nigeria,36,25,2,0
2024-01-28,Nigeria,39,29,2,1
2024-02-04,Nigeria,35,31,2,1
2024-02-11,Nigeria,38,26,2,0
2024-02-18,Nigeria,41,37,2,0
2024-02-25,Nigeria,48,33,2,1
2024-03-03,Nigeria,44,34,2,0
2024-03-10,Nigeria,42,36,2,1
2024-03-17,Nigeria,47,37,2,0
2024-03-24,Nigeria,44,37,2,0
2024-03-31,Nigeria,44,31,2,0
2024-04-07,Nigeria,42,30,2,1
2024-04-14,Nigeria,48,40,2,1
2024-04-21,Nigeria,43,30,2,0
2024-04-28,Nigeria,34,32,2,0
2024-05-05,Nigeria,32,28,2,0
2024-05-12,Nigeria,37,32,2,0
2024-05-19,Nigeria,41,36,2,0
2024-05-26,Nigeria,36,34,3,0
2024-06-02,Nigeria,40,37,2,0
2024-06-09,Nigeria,37,37,2,0
2024-06-16,Nigeria,35,32,2,1
2024-06-23,Nigeria,34,30,2,0
2024-06-30,Nigeria,37,34,2,0
2024-07-07,Nigeria,61,37,2,1
2024-07-14,Nigeria,55,45,2,1
2024-07-21,Nigeria,51,38,2,1
2024-07-28,Nigeria,42,34,2,1
2024-08-04,Nigeria,43,32,2,1
2024-08-11,Nigeria,46,28,2,1
2024-08-18,Nigeria,40,31,2,0
2024-08-25,Nigeria,32,38,2,0
2024-09-01,Nigeria,36,39,2,1
2024-09-08,Nigeria,32,40,2,0
2024-09-15,Nigeria,33,38,2,0
2024-09-22,Nigeria,31,44,2,1
2024-09-29,Nigeria,34,37,2,0
2024-10-06,Nigeria,35,32,2,1
2024-10-13,Nigeria,33,32,2,1
2024-10-20,Nigeria,31,30,2,0
2024-10-27,Nigeria,37,31,2,0
2024-11-03,Nigeria,42,38,2,1
2024-11-10,Nigeria,52,36,2,1
2024-11-17,Nigeria,39,35,2,0
2024-11-24,Nigeria,35,35,2,1
2024-12-01,Nigeria,40,33,2,0
2024-12-08,Nigeria,35,33,2,0
2024-12-15,Nigeria,36,32,2,0
2024-12-22,Nigeria,37,28,2,0
2024-12-29,Nigeria,32,29,2,1
2025-01-05,Nigeria,35,30,2,0
2025-01-12,Nigeria,32,28,2,1
2025-01-19,Nigeria,31,38,2,1
2025-01-26,Nigeria,32,28,2,0
2025-02-02,Nigeria,34,25,2,0
2025-02-09,Nigeria,30,29,2,0
2025-02-16,Nigeria,34,31,2,0
2025-02-23,Nigeria,33,31,2,0
2025-03-02,Nigeria,34,31,2,0
2025-03-09,Nigeria,36,29,2,0
2025-03-16,Nigeria,31,28,2,0
2025-03-23,Nigeria,34,27,2,0
2025-03-30,Nigeria,33,27,2,1
2025-04-06,Nigeria,30,26,3,0
2025-04-13,Nigeria,29,24,2,0
2025-04-20,Nigeria,30,21,2,1
2025-04-27,Nigeria,29,21,2,0
2025-05-04,Nigeria,28,21,2,0
2025-05-11,Nigeria,31,22,2,0
2025-05-18,Nigeria,30,21,2,0
2025-05-25,Nigeria,29,21,2,0
2025-06-01,Nigeria,36,23,3,0
2025-06-08,Nigeria,30,22,2,0
2025-06-15,Nigeria,30,19,2,0
2025-06-22,Nigeria,30,21,2,0
2025-06-29,Nigeria,25,19,2,1
