Country Name,Country Code,Year,GDP per capita (current US$)
Aruba,ABW,2019,31096.2050738676
Africa Eastern and Southern,AFE,2019,1493.81793829992
Afghanistan,AFG,2019,496.6025042585
Africa Western and Central,AFW,2019,1798.34068458315
Angola,AGO,2019,2189.85571407618
Albania,ALB,2019,5460.4305086932
Andorra,AND,2019,41257.8045846483
Arab World,ARB,2019,6638.48541455372
United Arab Emirates,ARE,2019,44251.4541398817
Argentina,ARG,2019,9955.97478680428
Armenia,ARM,2019,4597.22887399548
American Samoa,ASM,2019,12886.1359517218
Antigua and Barbuda,ATG,2019,18896.3721832248
Australia,AUS,2019,54972.7017885437
Austria,AUT,2019,49885.9947355204
Azerbaijan,AZE,2019,4805.75371765917
Burundi,BDI,2019,210.236494521532
Belgium,BEL,2019,46716.6227467964
Benin,BEN,2019,1130.82135339795
Burkina Faso,BFA,2019,764.853077774946
Bangladesh,BGD,2019,2129.79896954606
Bulgaria,BGR,2019,10372.8044341114
Bahrain,BHR,2019,27259.7438599327
"Bahamas, The",BHS,2019,33640.3369861278
Bosnia and Herzegovina,BIH,2019,6122.3753450882
Belarus,BLR,2019,6837.77339645635
Belize,BLZ,2019,6190.04792278445
Bermuda,BMU,2019,115798.040775578
Bolivia,BOL,2019,3503.89601123129
Brazil,BRA,2019,9029.83326681073
Barbados,BRB,2019,20583.7265786414
Brunei Darussalam,BRN,2019,30426.5730284202
Bhutan,BTN,2019,3576.87987100503
Botswana,BWA,2019,7172.08956480028
Central African Republic,CAF,2019,449.228467602439
Canada,CAN,2019,46352.8693445211
Central Europe and the Baltics,CEB,2019,16551.8488917344
Switzerland,CHE,2019,84121.9310304414
Channel Islands,CHI,2019,60568.108347955
Chile,CHL,2019,14495.716721687
China,CHN,2019,10342.9009524335
Cote d'Ivoire,CIV,2019,2141.76836170115
Cameroon,CMR,2019,1555.22660476477
"Congo, Dem. Rep.",COD,2019,557.044161335917
"Congo, Rep.",COG,2019,2488.42466724916
Colombia,COL,2019,6472.54544924705
Comoros,COM,2019,1519.26386326167
Cabo Verde,CPV,2019,4380.78117331128
Costa Rica,CRI,2019,12884.6859951947
Caribbean small states,CSS,2019,13938.2023201976
Cuba,CUB,2019,9232.26115935183
Curacao,CUW,2019,19220.6865793075
Cayman Islands,CYM,2019,88254.2903677044
Cyprus,CYP,2019,29703.052734375
Czechia,CZE,2019,24062.7190013343
Germany,DEU,2019,47623.8656074829
Djibouti,DJI,2019,2837.16902340932
Dominica,DMA,2019,9491.14995962374
Denmark,DNK,2019,59404.2663247723
Dominican Republic,DOM,2019,8183.01623600375
Algeria,DZA,2019,4468.45341883656
East Asia & Pacific (excluding high income),EAP,2019,8286.43967532333
Early-demographic dividend,EAR,2019,3543.32390703605
East Asia & Pacific,EAS,2019,11578.2748298091
Europe & Central Asia (excluding high income),ECA,2019,6020.63670154835
Europe & Central Asia,ECS,2019,24975.4166431436
Ecuador,ECU,2019,6205.05765246766
"Egypt, Arab Rep.",EGY,2019,2962.98892023003
Euro area,EMU,2019,39212.5111497975
Spain,ESP,2019,29786.5245689007
Estonia,EST,2019,24021.2501413306
Ethiopia,ETH,2019,828.709080522921
European Union,EUU,2019,35374.6443827131
Fragile and conflict affected situations,FCS,2019,1898.51220216848
Finland,FIN,2019,48358.1807773701
Fiji,FJI,2019,5950.82866866702
France,FRA,2019,40408.2848574751
Faroe Islands,FRO,2019,63067.0695697911
"Micronesia, Fed. Sts.",FSM,2019,3572.65918282222
Gabon,GAB,2019,7441.1786472281
United Kingdom,GBR,2019,42794.0022648288
Georgia,GEO,2019,4741.2832715876
Ghana,GHA,2019,2186.65822682613
Guinea,GIN,2019,1031.34146480732
"Gambia, The",GMB,2019,738.186751987483
Guinea-Bissau,GNB,2019,807.425524872835
Equatorial Guinea,GNQ,2019,6804.14923073888
Greece,GRC,2019,19335.3602002969
Grenada,GRD,2019,10462.7929159533
Greenland,GRL,2019,53309.2035905065
Guatemala,GTM,2019,4511.99755157656
Guam,GUM,2019,39274.9431424899
Guyana,GUY,2019,6405.82443444562
High income,HIC,2019,41351.4989053257
"Hong Kong SAR, China",HKG,2019,48359.0011950597
Honduras,HND,2019,2502.32744328073
Heavily indebted poor countries (HIPC),HPC,2019,984.570661558162
Croatia,HRV,2019,15563.8167397199
Haiti,HTI,2019,1352.17204191532
Hungary,HUN,2019,17012.8598553199
IBRD only,IBD,2019,6517.95432240943
IDA & IBRD total,IBT,2019,5169.58132257986
IDA total,IDA,2019,1434.20463760134
IDA blend,IDB,2019,1878.13375771486
Indonesia,IDN,2019,4106.94856160358
IDA only,IDX,2019,1194.07215693518
Isle of Man,IMN,2019,87127.5517977404
India,IND,2019,2041.42863698585
Ireland,IRL,2019,81810.1926481407
"Iran, Islamic Rep.",IRN,2019,3831.27894763337
Iraq,IRQ,2019,5671.8568632942
Iceland,ISL,2019,68452.23622306
Israel,ISR,2019,44250.6313628073
Italy,ITA,2019,33812.788724868
Jamaica,JAM,2019,5607.24299266608
Jordan,JOR,2019,4170.1144003465
Japan,JPN,2019,40415.9567649547
Kazakhstan,KAZ,2019,9457.12614657136
Kenya,KEN,2019,1960.40808854893
Kyrgyz Republic,KGZ,2019,1421.99927504102
Cambodia,KHM,2019,2225.87705485686
Kiribati,KIR,2019,1750.9977188915
St. Kitts and Nevis,KNA,2019,23595.4923231291
"Korea, Rep.",KOR,2019,31902.4169048194
Kuwait,KWT,2019,31707.8737464917
Latin America & Caribbean (excluding high income),LAC,2019,8266.47471229954
Lao PDR,LAO,2019,2589.32081035237
Lebanon,LBN,2019,8905.88005497437
Liberia,LBR,2019,658.164180770507
Libya,LBY,2019,9963.19489084483
St. Lucia,LCA,2019,11794.0597229805
Latin America & Caribbean,LCN,2019,8830.22782156102
Least developed countries: UN classification,LDC,2019,1104.18633151052
Low income,LIC,2019,654.940947912545
Liechtenstein,LIE,2019,166907.839305016
Sri Lanka,LKA,2019,4081.94772722003
Lower middle income,LMC,2019,2153.95427108494
Low & middle income,LMY,2019,4904.42291649614
Lesotho,LSO,2019,1082.05706777516
Late-demographic dividend,LTE,2019,10112.2012892771
Lithuania,LTU,2019,19608.7943945553
Luxembourg,LUX,2019,112696.649059674
Latvia,LVA,2019,17294.9751600969
"Macao SAR, China",MAC,2019,81967.699172769
St. Martin (French part),MAF,2019,19033.0594854512
Morocco,MAR,2019,3508.09765625
Monaco,MCO,2019,193746.785647412
Moldova,MDA,2019,4405.33418162155
Madagascar,MDG,2019,499.818837622534
Maldives,MDV,2019,11740.2724029785
"Middle East, North Africa, Afghanistan & Pakistan",MEA,2019,5371.48987165166
Mexico,MEX,2019,10369.5553585271
Marshall Islands,MHL,2019,5292.33985502306
Middle income,MIC,2019,5310.45350032976
North Macedonia,MKD,2019,6718.85826635458
Mali,MLI,2019,971.949318638092
Malta,MLT,2019,32421.9179753188
Myanmar,MMR,2019,1425.98954211903
"Middle East, North Africa, Afghanistan & Pakistan (excluding high income)",MNA,2019,2674.37046083008
Montenegro,MNE,2019,8842.48528706869
Mongolia,MNG,2019,4347.54610314873
Northern Mariana Islands,MNP,2019,24496.6652122421
Mozambique,MOZ,2019,519.09255091362
Mauritania,MRT,2019,1767.072710621
Mauritius,MUS,2019,11403.2527870674
Malawi,MWI,2019,580.889816066776
Malaysia,MYS,2019,10920.191763972
North America,NAC,2019,63306.7999807977
Namibia,NAM,2019,4731.9210318831
New Caledonia,NCL,2019,33411.3358835672
Niger,NER,2019,561.691304349698
Nigeria,NGA,2019,2265.15520863056
Nicaragua,NIC,2019,1958.62051528095
Netherlands,NLD,2019,53554.9007491475
Norway,NOR,2019,76430.5889473338
Nepal,NPL,2019,1203.14294706401
Nauru,NRU,2019,10776.8284610316
New Zealand,NZL,2019,42779.2298164101
OECD members,OED,2019,39718.0136147565
Oman,OMN,2019,19180.1864152801
Other small states,OSS,2019,12871.1657622001
Pakistan,PAK,2019,1390.41690981745
Panama,PAN,2019,16477.9066285687
Peru,PER,2019,7037.00803692604
Philippines,PHL,2019,3400.78949767074
Palau,PLW,2019,15841.1956399595
Papua New Guinea,PNG,2019,2575.77274140393
Poland,POL,2019,15874.5220531254
Pre-demographic dividend,PRE,2019,1476.6218732969
Puerto Rico (US),PRI,2019,31830.5284993358
Portugal,PRT,2019,23343.3628970034
Paraguay,PRY,2019,5821.18199548637
West Bank and Gaza,PSE,2019,3656.85827137011
Pacific island small states,PSS,2019,4170.32120953703
Post-demographic dividend,PST,2019,45864.970468297
French Polynesia,PYF,2019,21582.5892046801
Qatar,QAT,2019,66841.3013484919
Romania,ROU,2019,12992.0326104674
Russian Federation,RUS,2019,11447.701171875
Rwanda,RWA,2019,810.051412137354
South Asia,SAS,2019,2067.05975687637
Saudi Arabia,SAU,2019,29566.7933827436
Sudan,SDN,2019,709.975280761719
Senegal,SEN,2019,1431.18128932159
Singapore,SGP,2019,65952.0378959293
Solomon Islands,SLB,2019,2223.66502559565
Sierra Leone,SLE,2019,844.049555179116
El Salvador,SLV,2019,4320.11671534627
San Marino,SMR,2019,46627.0122356944
Somalia,SOM,2019,539.893931565407
Serbia,SRB,2019,7755.632986437
Sub-Saharan Africa (excluding high income),SSA,2019,1705.21463047615
Sub-Saharan Africa,SSF,2019,1617.66888069241
Small states,SST,2019,11958.5107041682
Sao Tome and Principe,STP,2019,1935.2931816596
Suriname,SUR,2019,6629.66775248603
Slovak Republic,SVK,2019,19406.0589683582
Slovenia,SVN,2019,25814.1687167572
Sweden,SWE,2019,51773.0464558993
Eswatini,SWZ,2019,3913.12643969301
Sint Maarten (Dutch part),SXM,2019,34861.469528968
Seychelles,SYC,2019,19141.5118743615
Syrian Arab Republic,SYR,2019,1109.53926036049
Turks and Caicos Islands,TCA,2019,31780.5217068989
Chad,TCD,2019,893.336441643325
East Asia & Pacific (IDA & IBRD countries),TEA,2019,8379.40686898285
Europe & Central Asia (IDA & IBRD countries),TEC,2019,9034.43209100317
Togo,TGO,2019,826.260654099894
Thailand,THA,2019,7605.69657797759
Tajikistan,TJK,2019,871.022372934846
Turkmenistan,TKM,2019,6648.0348960628
Latin America & the Caribbean (IDA & IBRD countries),TLA,2019,8654.9472124286
Timor-Leste,TLS,2019,1562.36458068032
"Middle East, North Africa, Afghanistan & Pakistan (IDA & IBRD)",TMN,2019,2667.55895258895
Tonga,TON,2019,4676.84802517145
South Asia (IDA & IBRD),TSA,2019,2067.05975687637
Sub-Saharan Africa (IDA & IBRD countries),TSS,2019,1617.66888069241
Trinidad and Tobago,TTO,2019,17293.4730123427
Tunisia,TUN,2019,3528.87213306798
Turkiye,TUR,2019,9215.44049888114
Tuvalu,TUV,2019,5115.13075950206
Tanzania,TZA,2019,1063.32250976563
Uganda,UGA,2019,822.171150141651
Ukraine,UKR,2019,3619.86157226563
Upper middle income,UMC,2019,8647.39963930798
Uruguay,URY,2019,18315.7316980028
United States,USA,2019,65227.9565911038
Uzbekistan,UZB,2019,2041.38480729431
St. Vincent and the Grenadines,VCT,2019,8740.59425232061
Virgin Islands (U.S.),VIR,2019,38633.5298915336
Viet Nam,VNM,2019,3440.90025375434
Vanuatu,VUT,2019,3207.44650452083
World,WLD,2019,11376.8233409999
Samoa,WSM,2019,4351.94234943706
Kosovo,XKX,2019,4415.99716107514
"Yemen, Rep.",YEM,2019,623.376168144679
South Africa,ZAF,2019,6533.71121032856
Zambia,ZMB,2019,1258.98619844462
Zimbabwe,ZWE,2019,1683.91313584141
Aruba,ABW,2020,22855.9323200761
Africa Eastern and Southern,AFE,2020,1344.10320999294
Afghanistan,AFG,2020,510.787063366811
Africa Western and Central,AFW,2020,1680.03933212698
Angola,AGO,2020,1449.92286669308
Albania,ALB,2020,5370.77749956875
Andorra,AND,2020,37361.0900666982
Arab World,ARB,2020,5722.48099531674
United Arab Emirates,ARE,2020,37173.8754093066
Argentina,ARG,2020,8535.59938004389
Armenia,ARM,2020,4268.68093304583
American Samoa,ASM,2020,14489.2586563775
Antigua and Barbuda,ATG,2020,15369.6082250401
Australia,AUS,2020,51791.540179984
Austria,AUT,2020,48716.4098900349
Azerbaijan,AZE,2020,4229.91064904503
Burundi,BDI,2020,210.008139902508
Belgium,BEL,2020,45906.2875805246
Benin,BEN,2020,1200.19426631122
Burkina Faso,BFA,2020,825.237038782475
Bangladesh,BGD,2020,2248.85078828233
Bulgaria,BGR,2020,10769.9475699414
Bahrain,BHR,2020,24342.8444554718
"Bahamas, The",BHS,2020,26178.7537607708
Bosnia and Herzegovina,BIH,2020,6130.31133245161
Belarus,BLR,2020,6542.85579976768
Belize,BLZ,2020,5227.19363786168
Bermuda,BMU,2020,106976.546239632
Bolivia,BOL,2020,3099.94219053514
Brazil,BRA,2020,7074.19378337644
Barbados,BRB,2020,18347.1109131055
Brunei Darussalam,BRN,2020,26834.3592463839
Bhutan,BTN,2020,3191.66906999331
Botswana,BWA,2020,6323.29749806946
Central African Republic,CAF,2020,462.879071294011
Canada,CAN,2020,43537.839298904
Central Europe and the Baltics,CEB,2020,16595.9352698049
Switzerland,CHE,2020,85897.7843338323
Channel Islands,CHI,2020,56785.9402005039
Chile,CHL,2020,13114.815470545
China,CHN,2020,10627.4637989619
Cote d'Ivoire,CIV,2020,2179.72934832935
Cameroon,CMR,2020,1555.60370660749
"Congo, Dem. Rep.",COD,2020,507.521230077872
"Congo, Rep.",COG,2020,1993.586671931
Colombia,COL,2020,5339.68711357943
Comoros,COM,2020,1527.16990927956
Cabo Verde,CPV,2020,3539.22661248299
Costa Rica,CRI,2020,12394.0493969354
Caribbean small states,CSS,2020,11925.7573950011
Cuba,CUB,2020,9605.26125067263
Curacao,CUW,2020,16356.0933254541
Cayman Islands,CYM,2020,82338.7982853661
Cyprus,CYP,2020,28649.015625
Czechia,CZE,2020,23472.8915454417
Germany,DEU,2020,47379.765194548
Djibouti,DJI,2020,2844.88810647853
Dominica,DMA,2020,7827.74842680426
Denmark,DNK,2020,60985.4885601514
Dominican Republic,DOM,2020,7135.22273255899
Algeria,DZA,2020,3743.5419522929
East Asia & Pacific (excluding high income),EAP,2020,8391.36838432688
Early-demographic dividend,EAR,2020,3250.74974734387
East Asia & Pacific,EAS,2020,11595.2940923559
Europe & Central Asia (excluding high income),ECA,2020,5733.41761868436
Europe & Central Asia,ECS,2020,24121.4791035767
Ecuador,ECU,2020,5463.64515348598
"Egypt, Arab Rep.",EGY,2020,3511.11381026379
Euro area,EMU,2020,38234.5335889285
Spain,ESP,2020,27233.9426461608
Estonia,EST,2020,23933.9939421065
Ethiopia,ETH,2020,905.313159254148
European Union,EUU,2020,34698.4032089427
Fragile and conflict affected situations,FCS,2020,1689.91690757517
Finland,FIN,2020,48828.6846862799
Fiji,FJI,2020,4844.42127154524
France,FRA,2020,39169.8606000707
Faroe Islands,FRO,2020,62240.822409175
"Micronesia, Fed. Sts.",FSM,2020,3362.02793142215
Gabon,GAB,2020,6605.80346077904
United Kingdom,GBR,2020,40404.8062238951
Georgia,GEO,2020,4300.85701291207
Ghana,GHA,2020,2195.45481659987
Guinea,GIN,2020,1053.66097696415
"Gambia, The",GMB,2020,720.335143352133
Guinea-Bissau,GNB,2020,836.26731423732
Equatorial Guinea,GNQ,2020,5764.05502912947
Greece,GRC,2020,17886.733165236
Grenada,GRD,2020,8968.55890108484
Greenland,GRL,2020,54812.6661771023
Guatemala,GTM,2020,4477.61761796418
Guam,GUM,2020,36482.9363953675
Guyana,GUY,2020,6775.70939096303
High income,HIC,2020,40219.1360185556
"Hong Kong SAR, China",HKG,2020,46109.2299946609
Honduras,HND,2020,2307.61494319511
Heavily indebted poor countries (HIPC),HPC,2020,968.074022023344
Croatia,HRV,2020,14808.4620188819
Haiti,HTI,2020,1290.32538667383
Hungary,HUN,2020,16386.9308821258
IBRD only,IBD,2020,6236.68120499036
IDA & IBRD total,IBT,2020,4932.64621363093
IDA total,IDA,2020,1374.49201596905
IDA blend,IDB,2020,1735.42504387769
Indonesia,IDN,2020,3853.70288774146
IDA only,IDX,2020,1179.86645615956
Isle of Man,IMN,2020,79513.5330346598
India,IND,2020,1907.04251637669
Ireland,IRL,2020,86622.5067251295
"Iran, Islamic Rep.",IRN,2020,2988.78122414716
Iraq,IRQ,2020,4295.18945121228
Iceland,ISL,2020,59023.5663465778
Israel,ISR,2020,44575.5719045492
Italy,ITA,2020,32091.4866621366
Jamaica,JAM,2020,4879.44025773374
Jordan,JOR,2020,4022.0401356135
Japan,JPN,2020,40028.7341726762
Kazakhstan,KAZ,2020,8781.50797787648
Kenya,KEN,2020,1927.66459027849
Kyrgyz Republic,KGZ,2020,1229.51766602907
Cambodia,KHM,2020,2081.73914242939
Kiribati,KIR,2020,1751.7823197053
St. Kitts and Nevis,KNA,2020,18859.0190361046
"Korea, Rep.",KOR,2020,31721.2989141857
Kuwait,KWT,2020,25236.0755520534
Latin America & Caribbean (excluding high income),LAC,2020,6892.38171560913
Lao PDR,LAO,2020,2583.77730696131
Lebanon,LBN,2020,5561.19166950397
Liberia,LBR,2020,616.787867006715
Libya,LBY,2020,6650.33810585348
St. Lucia,LCA,2020,8411.07474936367
Latin America & Caribbean,LCN,2020,7445.29645309345
Least developed countries: UN classification,LDC,2020,1088.70490856513
Low income,LIC,2020,607.964753680009
Liechtenstein,LIE,2020,164671.093553454
Sri Lanka,LKA,2020,3847.60137695639
Lower middle income,LMC,2020,2058.43459982702
Low & middle income,LMY,2020,4698.51752976729
Lesotho,LSO,2020,918.582577421982
Late-demographic dividend,LTE,2020,9869.54019951006
Lithuania,LTU,2020,20428.6478157394
Luxembourg,LUX,2020,116860.02817236
Latvia,LVA,2020,17564.2321549354
"Macao SAR, China",MAC,2020,36976.2561071429
Morocco,MAR,2020,3268.0302734375
Monaco,MCO,2020,176891.886538492
Moldova,MDA,2020,4375.7788930524
Madagascar,MDG,2020,450.771615201509
Maldives,MDV,2020,7393.8886543933
"Middle East, North Africa, Afghanistan & Pakistan",MEA,2020,4707.81986084887
Mexico,MEX,2020,8841.2707511328
Marshall Islands,MHL,2020,5661.96787336674
Middle income,MIC,2020,5096.7359040376
North Macedonia,MKD,2020,6659.59651070776
Mali,MLI,2020,953.242943290974
Malta,MLT,2020,31833.596382464
Myanmar,MMR,2020,1490.21683548367
"Middle East, North Africa, Afghanistan & Pakistan (excluding high income)",MNA,2020,2381.42542469934
Montenegro,MNE,2020,7612.62845881291
Mongolia,MNG,2020,4001.25193077703
Northern Mariana Islands,MNP,2020,18220.8382427201
Mozambique,MOZ,2020,462.433876479921
Mauritania,MRT,2020,1795.76459566714
Mauritius,MUS,2020,9011.04288445023
Malawi,MWI,2020,602.507478176106
Malaysia,MYS,2020,9957.52626697613
North America,NAC,2020,62262.642409838
Namibia,NAM,2020,3878.58982993966
New Caledonia,NCL,2020,33270.330597637
Niger,NER,2020,579.512495758236
Nigeria,NGA,2020,2019.65706326224
Nicaragua,NIC,2020,1938.44704754382
Netherlands,NLD,2020,53467.9277413737
Norway,NOR,2020,68340.0181033702
Nepal,NPL,2020,1154.21517578318
Nauru,NRU,2020,10695.6993301601
New Zealand,NZL,2020,41850.92032802
OECD members,OED,2020,38704.9773091343
Oman,OMN,2020,16784.8630630058
Other small states,OSS,2020,11728.9524519274
Pakistan,PAK,2020,1278.39735206896
Panama,PAN,2020,13290.5608347594
Peru,PER,2020,6133.32552410183
Philippines,PHL,2020,3227.57910235199
Palau,PLW,2020,14556.5872302158
Papua New Guinea,PNG,2020,2429.61134585269
Poland,POL,2020,16150.9291009726
Pre-demographic dividend,PRE,2020,1320.70911111119
Puerto Rico (US),PRI,2020,31427.1130762831
Portugal,PRT,2020,22299.4044062173
Paraguay,PRY,2020,5365.47220721191
West Bank and Gaza,PSE,2020,3233.56863835858
Pacific island small states,PSS,2020,3666.08926363725
Post-demographic dividend,PST,2020,44887.3835189149
French Polynesia,PYF,2020,19966.4838503859
Qatar,QAT,2020,51683.5054376677
Romania,ROU,2020,13082.3006559554
Russian Federation,RUS,2020,10108.3271484375
Rwanda,RWA,2020,778.701498787411
South Asia,SAS,2020,1957.20343722686
Saudi Arabia,SAU,2020,24338.8307301067
Sudan,SDN,2020,577.795227050781
Senegal,SEN,2020,1461.08720350553
Singapore,SGP,2020,61410.0792630788
Solomon Islands,SLB,2020,2063.33101522108
Sierra Leone,SLE,2020,845.982914284565
El Salvador,SLV,2020,3997.19279583709
San Marino,SMR,2020,44426.6463400658
Somalia,SOM,2020,518.184778494334
Serbia,SRB,2020,8098.70955668849
Sub-Saharan Africa (excluding high income),SSA,2020,1544.44112077349
Sub-Saharan Africa,SSF,2020,1480.47864226138
Small states,SST,2020,10699.2911713647
Sao Tome and Principe,STP,2020,2167.22001796925
Suriname,SUR,2020,4755.39221710693
Slovak Republic,SVK,2020,19735.4858280801
Slovenia,SVN,2020,25392.0651093612
Sweden,SWE,2020,52653.7565934247
Eswatini,SWZ,2020,3454.784217446
Sint Maarten (Dutch part),SXM,2020,30150.8998380477
Seychelles,SYC,2020,14041.4754074575
Syrian Arab Republic,SYR,2020,572.355289831901
Turks and Caicos Islands,TCA,2020,20690.9160546118
Chad,TCD,2020,866.947814890409
East Asia & Pacific (IDA & IBRD countries),TEA,2020,8485.42025780464
Europe & Central Asia (IDA & IBRD countries),TEC,2020,8456.58174660206
Togo,TGO,2020,853.578220263722
Thailand,THA,2020,6985.64393892574
Tajikistan,TJK,2020,834.311715460625
Turkmenistan,TKM,2020,6592.60146027748
Latin America & the Caribbean (IDA & IBRD countries),TLA,2020,7240.29672376392
Timor-Leste,TLS,2020,1630.86938521256
"Middle East, North Africa, Afghanistan & Pakistan (IDA & IBRD)",TMN,2020,2375.4738441756
Tonga,TON,2020,4700.44940541029
South Asia (IDA & IBRD),TSA,2020,1957.20343722686
Sub-Saharan Africa (IDA & IBRD countries),TSS,2020,1480.47864226138
Trinidad and Tobago,TTO,2020,15358.8612973066
Tunisia,TUN,2020,3548.65363663803
Turkiye,TUR,2020,8638.73903848102
Tuvalu,TUV,2020,4976.11254109571
Tanzania,TZA,2020,1117.41528320313
Uganda,UGA,2020,845.76646385001
Ukraine,UKR,2020,3709.76928710938
Upper middle income,UMC,2020,8334.90582376743
Uruguay,URY,2020,15757.5355995779
United States,USA,2020,64401.5074354212
Uzbekistan,UZB,2020,1978.28051860763
St. Vincent and the Grenadines,VCT,2020,8351.20324040982
Virgin Islands (U.S.),VIR,2020,39787.3741650202
Viet Nam,VNM,2020,3534.03953482647
Vanuatu,VUT,2020,3042.98711598286
World,WLD,2020,10963.1756422364
Samoa,WSM,2020,4099.6600907147
Kosovo,XKX,2020,4310.89065548799
"Yemen, Rep.",YEM,2020,559.564675805502
South Africa,ZAF,2020,5580.60383075189
Zambia,ZMB,2020,951.644316655957
Zimbabwe,ZWE,2020,1730.45391034701
Aruba,ABW,2021,27200.0610793969
Africa Eastern and Southern,AFE,2021,1522.3933455926
Afghanistan,AFG,2021,356.496214115892
Africa Western and Central,AFW,2021,1765.9547879785
Angola,AGO,2021,1925.87466082167
Albania,ALB,2021,6413.28280828537
Andorra,AND,2021,42425.6996756291
Arab World,ARB,2021,6681.70895180141
United Arab Emirates,ARE,2021,43360.0211001327
Argentina,ARG,2021,10738.0179223384
Armenia,ARM,2021,4685.17997128509
American Samoa,ASM,2021,15236.1604875571
Antigua and Barbuda,ATG,2021,17348.6006987182
Australia,AUS,2021,60607.7788605166
Austria,AUT,2021,53648.7190742245
Azerbaijan,AZE,2021,5408.04535175023
Burundi,BDI,2021,214.091455416133
Belgium,BEL,2021,51658.238294958
Benin,BEN,2021,1318.65158107487
Burkina Faso,BFA,2021,895.535288442991
Bangladesh,BGD,2021,2482.84917843357
Bulgaria,BGR,2021,12972.2173356002
Bahrain,BHR,2021,27147.8083882286
"Bahamas, The",BHS,2021,30367.8605757708
Bosnia and Herzegovina,BIH,2021,7295.3438240957
Belarus,BLR,2021,7489.71894713888
Belize,BLZ,2021,6122.61158580079
Bermuda,BMU,2021,112765.08167306
Bolivia,BOL,2021,3384.84486462654
Brazil,BRA,2021,7972.5366498646
Barbados,BRB,2021,18696.7858952957
Brunei Darussalam,BRN,2021,31006.9636220576
Bhutan,BTN,2021,3570.61257980872
Botswana,BWA,2021,7807.88794500125
Central African Republic,CAF,2021,492.263142830507
Canada,CAN,2021,52886.6616372703
Central Europe and the Baltics,CEB,2021,19239.8185020397
Switzerland,CHE,2021,93664.7736696111
Channel Islands,CHI,2021,66912.1753241171
Chile,CHL,2021,16206.8325493421
China,CHN,2021,12887.4357242941
Cote d'Ivoire,CIV,2021,2455.98127626488
Cameroon,CMR,2021,1672.32657340872
"Congo, Dem. Rep.",COD,2021,558.034077296358
"Congo, Rep.",COG,2021,2516.16255145432
Colombia,COL,2021,6222.62164397614
Comoros,COM,2021,1587.72988601478
Cabo Verde,CPV,2021,3971.44409203423
Costa Rica,CRI,2021,12838.1185359009
Caribbean small states,CSS,2021,13833.3099303464
Curacao,CUW,2021,17979.9982909306
Cayman Islands,CYM,2021,86438.445257404
Cyprus,CYP,2021,33734.03515625
Czechia,CZE,2021,27696.4619527544
Germany,DEU,2021,52265.6541620571
Djibouti,DJI,2021,3025.91126413549
Dominica,DMA,2021,8376.40414141113
Denmark,DNK,2021,69727.9873677012
Dominican Republic,DOM,2021,8527.0754858205
Algeria,DZA,2021,4160.55926736925
East Asia & Pacific (excluding high income),EAP,2021,9974.63640001599
Early-demographic dividend,EAR,2021,3765.51079786712
East Asia & Pacific,EAS,2021,13282.7636699758
Europe & Central Asia (excluding high income),ECA,2021,6623.35137698536
Europe & Central Asia,ECS,2021,27591.4108786977
Ecuador,ECU,2021,6061.32350181711
"Egypt, Arab Rep.",EGY,2021,3827.35415374308
Euro area,EMU,2021,42967.2551656434
Spain,ESP,2021,30799.4775937775
Estonia,EST,2021,27953.7670230126
Ethiopia,ETH,2021,910.947887074508
European Union,EUU,2021,39214.3660784805
Fragile and conflict affected situations,FCS,2021,1763.84589367628
Finland,FIN,2021,53099.1351400148
Fiji,FJI,2021,4696.17103944634
France,FRA,2021,43725.0999521245
Faroe Islands,FRO,2021,68749.4005557957
"Micronesia, Fed. Sts.",FSM,2021,3508.22356270221
Gabon,GAB,2021,8181.40914134398
United Kingdom,GBR,2021,46926.475736105
Georgia,GEO,2021,5083.60695484577
Ghana,GHA,2021,2445.18662529344
Guinea,GIN,2021,1244.96550477914
"Gambia, The",GMB,2021,781.890925169531
Guinea-Bissau,GNB,2021,912.484104692847
Equatorial Guinea,GNQ,2021,6945.63069794539
Greece,GRC,2021,20654.7001960815
Grenada,GRD,2021,9622.24050459345
Greenland,GRL,2021,58135.9939910203
Guatemala,GTM,2021,4912.62225721201
Guam,GUM,2021,38074.8793745801
Guyana,GUY,2021,9860.87014834386
High income,HIC,2021,45211.9410454248
"Hong Kong SAR, China",HKG,2021,49770.5642374739
Honduras,HND,2021,2735.14751503977
Heavily indebted poor countries (HIPC),HPC,2021,1049.99987506014
Croatia,HRV,2021,17789.9304736722
Haiti,HTI,2021,1835.44394078496
Hungary,HUN,2021,19030.628130329
IBRD only,IBD,2021,7366.1147382175
IDA & IBRD total,IBT,2021,5764.25548879942
IDA total,IDA,2021,1465.04691576142
IDA blend,IDB,2021,1857.19734593257
Indonesia,IDN,2021,4287.17313995098
IDA only,IDX,2021,1254.09572124934
Isle of Man,IMN,2021,94299.969348965
India,IND,2021,2239.61384367482
Ireland,IRL,2021,103961.976350649
"Iran, Islamic Rep.",IRN,2021,4334.79268631354
Iraq,IRQ,2021,4868.49431080783
Iceland,ISL,2021,69178.4046960961
Israel,ISR,2021,52270.9040241956
Italy,ITA,2021,36852.5425414951
Jamaica,JAM,2021,5165.33782130331
Jordan,JOR,2021,4183.49998326866
Japan,JPN,2021,40094.5599795288
Kazakhstan,KAZ,2021,9983.60103576902
Kenya,KEN,2021,2061.35622089594
Kyrgyz Republic,KGZ,2021,1349.99730650542
Cambodia,KHM,2021,2167.40324198499
Kiribati,KIR,2021,2222.04829512346
St. Kitts and Nevis,KNA,2021,18361.1449697886
"Korea, Rep.",KOR,2021,35125.5224984723
Kuwait,KWT,2021,34018.6342879647
Latin America & Caribbean (excluding high income),LAC,2021,7955.36133413771
Lao PDR,LAO,2021,2526.05105018529
Lebanon,LBN,2021,4045.37391066234
Liberia,LBR,2021,667.96610514319
Libya,LBY,2021,4935.82787349801
St. Lucia,LCA,2021,10459.1321248092
Latin America & Caribbean,LCN,2021,8597.53194021339
Least developed countries: UN classification,LDC,2021,1161.529354921
Low income,LIC,2021,643.369305022958
Liechtenstein,LIE,2021,201944.830335076
Sri Lanka,LKA,2021,3996.96240014909
Lower middle income,LMC,2021,2302.44736874388
Low & middle income,LMY,2021,5485.92472057214
Lesotho,LSO,2021,1066.58643600093
Late-demographic dividend,LTE,2021,11755.4245358535
Lithuania,LTU,2021,23870.4594851722
Luxembourg,LUX,2021,134965.815442152
Latvia,LVA,2021,20261.8887788916
"Macao SAR, China",MAC,2021,45376.314586156
St. Martin (French part),MAF,2021,21668.3740927942
Morocco,MAR,2021,3785.93627929688
Monaco,MCO,2021,223823.363960226
Moldova,MDA,2021,5274.60582195352
Madagascar,MDG,2021,483.469463351371
Maldives,MDV,2021,10176.143882547
"Middle East, North Africa, Afghanistan & Pakistan",MEA,2021,5575.27298626728
Mexico,MEX,2021,10314.0506725979
Marshall Islands,MHL,2021,6258.61193705127
Middle income,MIC,2021,5966.0001578766
North Macedonia,MKD,2021,7620.80296977508
Mali,MLI,2021,1027.27345365357
Malta,MLT,2021,38065.354346575
Myanmar,MMR,2021,1242.72134419599
"Middle East, North Africa, Afghanistan & Pakistan (excluding high income)",MNA,2021,2719.53126773593
Montenegro,MNE,2021,9377.48879714989
Mongolia,MNG,2021,4517.61578018785
Northern Mariana Islands,MNP,2021,19455.50139424
Mozambique,MOZ,2021,509.907829475551
Mauritania,MRT,2021,1947.78918383313
Mauritius,MUS,2021,9068.97300226707
Malawi,MWI,2021,617.447520802454
Malaysia,MYS,2021,10903.1116425938
North America,NAC,2021,69412.9137512303
Namibia,NAM,2021,4412.8355693052
New Caledonia,NCL,2021,35311.5543551452
Niger,NER,2021,608.722439593808
Nigeria,NGA,2021,2017.27486481527
Nicaragua,NIC,2021,2138.38588469449
Netherlands,NLD,2021,60141.9880911492
Norway,NOR,2021,93072.8925119571
Nepal,NPL,2021,1252.75076731986
Nauru,NRU,2021,14989.6647450751
New Zealand,NZL,2021,49689.498134519
OECD members,OED,2021,43149.6072484462
Oman,OMN,2021,19403.4600160211
Other small states,OSS,2021,13671.456548983
Pakistan,PAK,2021,1455.31922370186
Panama,PAN,2021,15509.8069109784
Peru,PER,2021,6826.20255614477
Philippines,PHL,2021,3484.38593882819
Palau,PLW,2021,13257.2063206433
Papua New Guinea,PNG,2021,2607.57861874444
Poland,POL,2021,18635.5088812509
Pre-demographic dividend,PRE,2021,1412.70908920903
Puerto Rico (US),PRI,2021,32619.0704601174
Portugal,PRT,2021,24711.4510062111
Paraguay,PRY,2021,5976.9317978996
West Bank and Gaza,PSE,2021,3678.63565662194
Pacific island small states,PSS,2021,3649.53388709298
Post-demographic dividend,PST,2021,50022.0389228787
French Polynesia,PYF,2021,21982.9038942614
Qatar,QAT,2021,71751.8831257169
Romania,ROU,2021,14986.7854904274
Russian Federation,RUS,2021,12425.029296875
Rwanda,RWA,2021,829.544845639777
South Asia,SAS,2021,2273.72055798689
Saudi Arabia,SAU,2021,31920.7653655643
Sudan,SDN,2021,712.122009277344
Senegal,SEN,2021,1598.10676952274
Singapore,SGP,2021,80056.1288247844
Solomon Islands,SLB,2021,1996.86976779348
Sierra Leone,SLE,2021,886.192939104469
El Salvador,SLV,2021,4642.60743101342
San Marino,SMR,2021,54168.9828262684
Somalia,SOM,2021,549.114742721701
Serbia,SRB,2021,9680.52798074468
Sub-Saharan Africa (excluding high income),SSA,2021,1700.42199943914
Sub-Saharan Africa,SSF,2021,1621.10097013513
Small states,SST,2021,12369.0639776112
Sao Tome and Principe,STP,2021,2362.58827248102
Suriname,SUR,2021,5029.84838543953
Slovak Republic,SVK,2021,22132.4483028948
Slovenia,SVN,2021,29187.369382785
Sweden,SWE,2021,61174.9680215622
Eswatini,SWZ,2021,3966.29863253832
Sint Maarten (Dutch part),SXM,2021,32548.4366854902
Seychelles,SYC,2021,14982.9111487767
Syrian Arab Republic,SYR,2021,663.614245706815
Turks and Caicos Islands,TCA,2021,27329.2885087196
Chad,TCD,2021,946.358500208374
East Asia & Pacific (IDA & IBRD countries),TEA,2021,10086.4785164265
Europe & Central Asia (IDA & IBRD countries),TEC,2021,9987.98864443054
Togo,TGO,2021,939.613373786407
Thailand,THA,2021,7057.20754802279
Tajikistan,TJK,2021,896.748053372182
Turkmenistan,TKM,2021,7051.20211079213
Latin America & the Caribbean (IDA & IBRD countries),TLA,2021,8382.42554035091
Timor-Leste,TLS,2021,2684.82702378987
"Middle East, North Africa, Afghanistan & Pakistan (IDA & IBRD)",TMN,2021,2712.78189413176
Tonga,TON,2021,4912.57966349119
South Asia (IDA & IBRD),TSA,2021,2273.72055798689
Sub-Saharan Africa (IDA & IBRD countries),TSS,2021,1621.10097013513
Trinidad and Tobago,TTO,2021,17679.1812561341
Tunisia,TUN,2021,3906.93926319391
Turkiye,TUR,2021,9743.21277804855
Tuvalu,TUV,2021,5905.08198095343
Tanzania,TZA,2021,1159.85656738281
Uganda,UGA,2021,882.791717442001
Ukraine,UKR,2021,4775.94580078125
Upper middle income,UMC,2021,9905.05583452615
Uruguay,URY,2021,17881.818721099
United States,USA,2021,71307.4017277218
Uzbekistan,UZB,2021,2258.51964119278
St. Vincent and the Grenadines,VCT,2021,8641.27904024443
Virgin Islands (U.S.),VIR,2021,42571.0777368471
Viet Nam,VNM,2021,3704.1935590038
Vanuatu,VUT,2021,3211.71947349318
World,WLD,2021,12418.5659245064
Samoa,WSM,2021,3947.64517905415
Kosovo,XKX,2021,5270.42965289833
"Yemen, Rep.",YEM,2021,522.173511689783
South Africa,ZAF,2021,6843.39941886204
Zambia,ZMB,2021,1127.16077872857
Zimbabwe,ZWE,2021,1724.38727102272
Aruba,ABW,2022,30559.5335346581
Africa Eastern and Southern,AFE,2022,1628.31894446307
Afghanistan,AFG,2022,357.261152798144
Africa Western and Central,AFW,2022,1796.66863273368
Angola,AGO,2022,2929.69445467272
Albania,ALB,2022,6846.42669381643
Andorra,AND,2022,42414.0590092117
Arab World,ARB,2022,7931.61789279006
United Arab Emirates,ARE,2022,49899.0652975197
Argentina,ARG,2022,13935.6811110049
Armenia,ARM,2022,6571.97445545099
American Samoa,ASM,2022,18017.4589383973
Antigua and Barbuda,ATG,2022,20105.1989085164
Australia,AUS,2022,64997.0136536475
Austria,AUT,2022,52176.6649141178
Azerbaijan,AZE,2022,7770.594223351
Burundi,BDI,2022,250.634225368744
Belgium,BEL,2022,50822.2518538518
Benin,BEN,2022,1266.42710981159
Burkina Faso,BFA,2022,836.118304593682
Bangladesh,BGD,2022,2716.48592780431
Bulgaria,BGR,2022,13999.6719197289
Bahrain,BHR,2022,30470.5219276023
"Bahamas, The",BHS,2022,34957.1613279737
Bosnia and Herzegovina,BIH,2022,7655.59421024383
Belarus,BLR,2022,7994.64806074889
Belize,BLZ,2022,7068.45478269722
Bermuda,BMU,2022,121613.939983629
Bolivia,BOL,2022,3643.92826984604
Brazil,BRA,2022,9281.33334441234
Barbados,BRB,2022,22164.0260273876
Brunei Darussalam,BRN,2022,36632.9280421411
Bhutan,BTN,2022,3711.32767981591
Botswana,BWA,2022,8328.70905682185
Central African Republic,CAF,2022,467.359825026238
Canada,CAN,2022,56256.8007264015
Central Europe and the Baltics,CEB,2022,19548.6930479638
Switzerland,CHE,2022,94394.5106803525
Channel Islands,CHI,2022,67627.3084478235
Chile,CHL,2022,15405.6165774073
China,CHN,2022,12970.6056414327
Cote d'Ivoire,CIV,2022,2333.37128334477
Cameroon,CMR,2022,1604.87726954895
"Congo, Dem. Rep.",COD,2022,642.612267148918
"Congo, Rep.",COG,2022,2620.83804304713
Colombia,COL,2022,6680.44506854481
Comoros,COM,2022,1533.87755332151
Cabo Verde,CPV,2022,4323.31362032709
Costa Rica,CRI,2022,13625.9008491478
Caribbean small states,CSS,2022,17355.8366579795
Curacao,CUW,2022,20501.7522782219
Cayman Islands,CYM,2022,92202.1478031576
Cyprus,CYP,2022,33894.44921875
Czechia,CZE,2022,28282.2236715857
Germany,DEU,2022,49686.1154582583
Djibouti,DJI,2022,3133.25779772463
Dominica,DMA,2022,9323.66089490562
Denmark,DNK,2022,68091.3191138669
Dominican Republic,DOM,2022,10104.2449349081
Algeria,DZA,2022,4961.55257664733
East Asia & Pacific (excluding high income),EAP,2022,10106.8725194012
Early-demographic dividend,EAR,2022,4113.00084852322
East Asia & Pacific,EAS,2022,13084.2848090909
Europe & Central Asia (excluding high income),ECA,2022,7247.60981221236
Europe & Central Asia,ECS,2022,27782.8616206223
Ecuador,ECU,2022,6515.58528418336
"Egypt, Arab Rep.",EGY,2022,4233.30783744856
Euro area,EMU,2022,41446.4322827569
Spain,ESP,2022,30270.2687017458
Estonia,EST,2022,28451.1477825175
Ethiopia,ETH,2022,1011.07332413462
European Union,EUU,2022,37962.8295010744
Fragile and conflict affected situations,FCS,2022,1903.89887310976
Finland,FIN,2022,50440.560224974
Fiji,FJI,2022,5405.03006162671
France,FRA,2022,41082.8119320747
Faroe Islands,FRO,2022,66139.3809716876
"Micronesia, Fed. Sts.",FSM,2022,3710.12448453257
Gabon,GAB,2022,8409.20741452279
United Kingdom,GBR,2022,46062.9914079698
Georgia,GEO,2022,6729.84659930283
Ghana,GHA,2022,2229.89122647803
Guinea,GIN,2022,1416.59612011764
"Gambia, The",GMB,2022,836.244875582631
Guinea-Bissau,GNB,2022,873.437861875428
Equatorial Guinea,GNQ,2022,7589.29964909381
Greece,GRC,2022,20971.8349258283
Grenada,GRD,2022,10535.4588771454
Greenland,GRL,2022,55635.0006491223
Guatemala,GTM,2022,5358.70127494396
Guam,GUM,2022,41833.1517132825
Guyana,GUY,2022,17913.4928066879
High income,HIC,2022,46655.1648590412
"Hong Kong SAR, China",HKG,2022,48825.8441873536
Honduras,HND,2022,3003.28996826399
Heavily indebted poor countries (HIPC),HPC,2022,1111.39185793698
Croatia,HRV,2022,18466.0955472648
Haiti,HTI,2022,1760.62635668777
Hungary,HUN,2022,18483.6366867035
IBRD only,IBD,2022,7745.39306575372
IDA & IBRD total,IBT,2022,6043.77728725502
IDA total,IDA,2022,1551.17381360191
IDA blend,IDB,2022,1962.52152270807
Indonesia,IDN,2022,4730.83484836107
IDA only,IDX,2022,1330.40253875948
Isle of Man,IMN,2022,88328.548125887
India,IND,2022,2347.44829434623
Ireland,IRL,2022,105234.511567597
"Iran, Islamic Rep.",IRN,2022,4405.09291519791
Iraq,IRQ,2022,6520.73154560584
Iceland,ISL,2022,75121.0152280628
Israel,ISR,2022,54949.621556429
Italy,ITA,2022,35653.9042103495
Jamaica,JAM,2022,6022.15339791763
Jordan,JOR,2022,4332.25159897931
Japan,JPN,2022,34065.6438962526
Kazakhstan,KAZ,2022,11255.3396437881
Kenya,KEN,2022,2109.56288513137
Kyrgyz Republic,KGZ,2022,1739.72018344174
Cambodia,KHM,2022,2325.03050040841
Kiribati,KIR,2022,2069.76720110559
St. Kitts and Nevis,KNA,2022,20985.0112160159
"Korea, Rep.",KOR,2022,32394.6833725203
Kuwait,KWT,2022,39981.7690981957
Latin America & Caribbean (excluding high income),LAC,2022,9093.65274220086
Lao PDR,LAO,2022,2046.40440255621
Lebanon,LBN,2022,3654.35845534878
Liberia,LBR,2022,744.617175237387
Libya,LBY,2022,5986.63694851258
St. Lucia,LCA,2022,13103.8243147472
Latin America & Caribbean,LCN,2022,9716.03266743824
Least developed countries: UN classification,LDC,2022,1273.78979194705
Low income,LIC,2022,723.504638939919
Liechtenstein,LIE,2022,186821.881757157
Sri Lanka,LKA,2022,3342.63650253855
Lower middle income,LMC,2022,2424.15054696003
Low & middle income,LMY,2022,5702.28344160279
Lesotho,LSO,2022,1030.12579628833
Late-demographic dividend,LTE,2022,12280.1075352976
Lithuania,LTU,2022,25085.784063499
Luxembourg,LUX,2022,123719.658915996
Latvia,LVA,2022,20227.2307431581
"Macao SAR, China",MAC,2022,36909.9564090312
Morocco,MAR,2022,3455.39624023438
Monaco,MCO,2022,226052.001905201
Moldova,MDA,2022,5744.29618434435
Madagascar,MDG,2022,503.514533472879
Maldives,MDV,2022,11786.0091545343
"Middle East, North Africa, Afghanistan & Pakistan",MEA,2022,6383.39839256713
Mexico,MEX,2022,11402.1410374782
Marshall Islands,MHL,2022,6322.82855503156
Middle income,MIC,2022,6205.5459977675
North Macedonia,MKD,2022,7606.2375253797
Mali,MLI,2022,969.72220560562
Malta,MLT,2022,36224.2819955817
Myanmar,MMR,2022,1158.05005034332
"Middle East, North Africa, Afghanistan & Pakistan (excluding high income)",MNA,2022,2975.95566292741
Montenegro,MNE,2022,9990.20444616996
Mongolia,MNG,2022,4993.51487463495
Northern Mariana Islands,MNP,2022,23785.754590043
Mozambique,MOZ,2022,578.251663751351
Mauritania,MRT,2022,1960.35240077424
Mauritius,MUS,2022,10223.7882316574
Malawi,MWI,2022,604.269751184515
Malaysia,MYS,2022,11748.0919307944
North America,NAC,2022,75613.4507146586
Namibia,NAM,2022,4349.79908493314
New Caledonia,NCL,2022,33516.363085906
Niger,NER,2022,609.745147661683
Nigeria,NGA,2022,2139.37478476974
Nicaragua,NIC,2022,2322.89053964583
Netherlands,NLD,2022,59123.318556487
Norway,NOR,2022,109269.520580298
Nepal,NPL,2022,1385.91066274851
Nauru,NRU,2022,12896.4341046481
New Zealand,NZL,2022,48760.0381935936
OECD members,OED,2022,44046.426245598
Oman,OMN,2022,23223.5829405935
Other small states,OSS,2022,14298.1028214028
Pakistan,PAK,2022,1538.3228133171
Panama,PAN,2022,17332.4360742988
Peru,PER,2022,7350.63034300417
Philippines,PHL,2022,3548.06930572116
Palau,PLW,2022,14392.2011374514
Papua New Guinea,PNG,2022,3102.28968594061
Poland,POL,2022,18891.213529396
Pre-demographic dividend,PRE,2022,1577.71627123527
Puerto Rico (US),PRI,2022,35353.6821570014
Portugal,PRT,2022,24620.519556875
Paraguay,PRY,2022,6205.6259537937
West Bank and Gaza,PSE,2022,3799.95527015163
Pacific island small states,PSS,2022,3888.62868011839
Post-demographic dividend,PST,2022,51102.3562661077
French Polynesia,PYF,2022,20738.6499971661
Qatar,QAT,2022,88701.463352273
Romania,ROU,2022,15557.8826247584
Russian Federation,RUS,2022,15619.6142578125
Rwanda,RWA,2022,975.469323979541
South Asia,SAS,2022,2385.08341578414
Saudi Arabia,SAU,2022,38510.2276211037
Sudan,SDN,2022,1046.24084472656
Senegal,SEN,2022,1574.0281059306
Singapore,SGP,2022,90299.0694637269
Solomon Islands,SLB,2022,2005.4139933198
Sierra Leone,SLE,2022,860.774590932595
El Salvador,SLV,2022,5074.60210221806
San Marino,SMR,2022,54264.570495898
Somalia,SOM,2022,573.128092472349
Serbia,SRB,2022,10022.9688543402
Sub-Saharan Africa (excluding high income),SSA,2022,1772.65535427221
Sub-Saharan Africa,SSF,2022,1696.43999286939
Small states,SST,2022,13598.1107991474
Sao Tome and Principe,STP,2022,2389.73729784737
Suriname,SUR,2022,6084.43876736445
Slovak Republic,SVK,2022,21334.6011006572
Slovenia,SVN,2022,28373.8382265999
Sweden,SWE,2022,55296.9371472535
Eswatini,SWZ,2022,3889.65276959161
Sint Maarten (Dutch part),SXM,2022,36476.6300833859
Seychelles,SYC,2022,16836.6721895387
Syrian Arab Republic,SYR,2022,1051.67149587463
Turks and Caicos Islands,TCA,2022,31280.5418020808
Chad,TCD,2022,966.036468278568
East Asia & Pacific (IDA & IBRD countries),TEA,2022,10220.360503609
Europe & Central Asia (IDA & IBRD countries),TEC,2022,11410.4415323006
Togo,TGO,2022,898.758154410712
Thailand,THA,2022,6909.35281815827
Tajikistan,TJK,2022,1052.17949484894
Turkmenistan,TKM,2022,8156.35211950774
Latin America & the Caribbean (IDA & IBRD countries),TLA,2022,9482.77639942335
Timor-Leste,TLS,2022,2343.24523350389
"Middle East, North Africa, Afghanistan & Pakistan (IDA & IBRD)",TMN,2022,2970.11428767476
Tonga,TON,2022,4933.07466930785
South Asia (IDA & IBRD),TSA,2022,2385.08341578414
Sub-Saharan Africa (IDA & IBRD countries),TSS,2022,1696.43999286939
Trinidad and Tobago,TTO,2022,20874.37682915
Tunisia,TUN,2022,3708.8481241036
Turkiye,TUR,2022,10674.504157865
Tuvalu,TUV,2022,5911.32727055301
Tanzania,TZA,2022,1207.85302734375
Uganda,UGA,2022,963.067314233497
Ukraine,UKR,2022,4199.6708984375
Upper middle income,UMC,2022,10310.8668761078
Uruguay,URY,2022,20818.6146091144
United States,USA,2022,77860.9112908848
Uzbekistan,UZB,2022,2578.66689394219
St. Vincent and the Grenadines,VCT,2022,9693.55867833025
Virgin Islands (U.S.),VIR,2022,44320.909185774
Viet Nam,VNM,2022,4147.69777213621
Vanuatu,VUT,2022,3292.34108821237
World,WLD,2022,12819.7448379733
Samoa,WSM,2022,3869.46639492144
Kosovo,XKX,2022,5290.94747224687
"Yemen, Rep.",YEM,2022,615.702077657755
South Africa,ZAF,2022,6523.41097815853
Zambia,ZMB,2022,1447.12310138035
Zimbabwe,ZWE,2022,2040.54658705395
Aruba,ABW,2023,33984.7906198041
Africa Eastern and Southern,AFE,2023,1568.15989105305
Afghanistan,AFG,2023,413.757894705303
Africa Western and Central,AFW,2023,1599.39298291654
Angola,AGO,2023,2309.53413042773
Albania,ALB,2023,8575.17134637222
Andorra,AND,2023,46812.4484486309
Arab World,ARB,2023,7479.68809103279
United Arab Emirates,ARE,2023,49040.6947521035
Argentina,ARG,2023,14187.4827252965
Armenia,ARM,2023,8125.27395754003
Antigua and Barbuda,ATG,2023,21494.5474000727
Australia,AUS,2023,64835.9199754535
Austria,AUT,2023,56033.573792065
Azerbaijan,AZE,2023,7133.02838048328
Burundi,BDI,2023,192.074305359351
Belgium,BEL,2023,54690.0942734964
Benin,BEN,2023,1394.17784663045
Burkina Faso,BFA,2023,882.689810086163
Bangladesh,BGD,2023,2551.01773827307
Bulgaria,BGR,2023,15883.8618545581
Bahrain,BHR,2023,29290.1284215098
"Bahamas, The",BHS,2023,38231.774484278
Bosnia and Herzegovina,BIH,2023,8663.02322987879
Belarus,BLR,2023,7896.75388295584
Belize,BLZ,2023,7459.99815132837
Bermuda,BMU,2023,132604.439086216
Bolivia,BOL,2023,3686.27996442176
Brazil,BRA,2023,10377.5892792557
Barbados,BRB,2023,23804.0249914995
Brunei Darussalam,BRN,2023,32890.5492465722
Bhutan,BTN,2023,3839.4093039286
Botswana,BWA,2023,7826.35376483298
Central African Republic,CAF,2023,495.978897288721
Canada,CAN,2023,54220.3285039875
Central Europe and the Baltics,CEB,2023,22699.5351734821
Switzerland,CHE,2023,100631.802755125
Channel Islands,CHI,2023,74589.1381155014
Chile,CHL,2023,17067.0364799154
China,CHN,2023,12951.1782397043
Cote d'Ivoire,CIV,2023,2554.67304885576
Cameroon,CMR,2023,1736.86091073524
"Congo, Dem. Rep.",COD,2023,633.395661686298
"Congo, Rep.",COG,2023,2477.97845477092
Colombia,COL,2023,7000.83660501046
Comoros,COM,2023,1682.20285095721
Cabo Verde,CPV,2023,4861.29184126229
Costa Rica,CRI,2023,16942.0268119304
Caribbean small states,CSS,2023,17582.2636796878
Curacao,CUW,2023,21061.741639092
Cayman Islands,CYM,2023,97749.5078960846
Cyprus,CYP,2023,36551.41796875
Czechia,CZE,2023,31591.0568216357
Germany,DEU,2023,53940.4073447462
Djibouti,DJI,2023,3397.52015779588
Dominica,DMA,2023,9912.96212766668
Denmark,DNK,2023,68453.8769281145
Dominican Republic,DOM,2023,10630.431743829
Algeria,DZA,2023,5364.02795022731
East Asia & Pacific (excluding high income),EAP,2023,10125.7668065643
Early-demographic dividend,EAR,2023,4322.18279373346
East Asia & Pacific,EAS,2023,13117.90954458
Europe & Central Asia (excluding high income),ECA,2023,8571.4101866164
Europe & Central Asia,ECS,2023,29835.7180523654
Ecuador,ECU,2023,6737.84748379638
"Egypt, Arab Rep.",EGY,2023,3456.78968456253
Euro area,EMU,2023,45068.7010930397
Spain,ESP,2023,33509.0127982139
Estonia,EST,2023,30133.304450454
European Union,EUU,2023,41392.0743803078
Fragile and conflict affected situations,FCS,2023,1781.86010011545
Finland,FIN,2023,52821.5114340717
Fiji,FJI,2023,5888.73667332429
France,FRA,2023,44690.9345395117
Faroe Islands,FRO,2023,71774.3522353393
"Micronesia, Fed. Sts.",FSM,2023,3941.37247887414
Gabon,GAB,2023,8071.39777400455
United Kingdom,GBR,2023,49200.8101526146
Georgia,GEO,2023,8283.66960652261
Ghana,GHA,2023,2383.90410483418
Guinea,GIN,2023,1555.49375806861
"Gambia, The",GMB,2023,888.157407441902
Guinea-Bissau,GNB,2023,964.927554218909
Equatorial Guinea,GNQ,2023,6677.793435386
Greece,GRC,2023,23400.7278817691
Grenada,GRD,2023,11308.2874249451
Greenland,GRL,2023,58498.9743142433
Guatemala,GTM,2023,5758.30876298845
Guyana,GUY,2023,20473.7002190617
High income,HIC,2023,48708.4624685822
"Hong Kong SAR, China",HKG,2023,50565.4647717265
Honduras,HND,2023,3227.45762509776
Heavily indebted poor countries (HIPC),HPC,2023,1173.17370951469
Croatia,HRV,2023,21865.4562838641
Haiti,HTI,2023,1705.75808460999
Hungary,HUN,2023,22312.1790289763
IBRD only,IBD,2023,7964.73675347128
IDA & IBRD total,IBT,2023,6162.30588823383
IDA total,IDA,2023,1480.94361341054
IDA blend,IDB,2023,1729.91982930792
Indonesia,IDN,2023,4876.30774512252
IDA only,IDX,2023,1347.74690969092
India,IND,2023,2530.12031278204
Ireland,IRL,2023,103887.800388081
"Iran, Islamic Rep.",IRN,2023,4465.63766853306
Iraq,IRQ,2023,5965.31835077761
Iceland,ISL,2023,79960.0961535662
Israel,ISR,2023,52003.7200729997
Italy,ITA,2023,39065.4244365633
Jamaica,JAM,2023,6839.72502408181
Jordan,JOR,2023,4466.08314208575
Japan,JPN,2023,33836.1756271617
Kazakhstan,KAZ,2023,12879.4275257974
Kenya,KEN,2023,1952.30457929636
Kyrgyz Republic,KGZ,2023,2138.22210211478
Cambodia,KHM,2023,2429.74853452838
Kiribati,KIR,2023,2177.70114080416
St. Kitts and Nevis,KNA,2023,22600.4502299468
"Korea, Rep.",KOR,2023,33121.3712885508
Kuwait,KWT,2023,34075.8490439847
Latin America & Caribbean (excluding high income),LAC,2023,10166.928671097
Lao PDR,LAO,2023,2066.94979776957
Lebanon,LBN,2023,3477.72489842684
Liberia,LBR,2023,799.194470229642
Libya,LBY,2023,6172.81246940233
St. Lucia,LCA,2023,13554.7684784933
Latin America & Caribbean,LCN,2023,10838.827948659
Least developed countries: UN classification,LDC,2023,1254.2327931358
Low income,LIC,2023,697.171191535478
Liechtenstein,LIE,2023,207973.617746758
Sri Lanka,LKA,2023,3798.89016573011
Lower middle income,LMC,2023,2443.40827649123
Low & middle income,LMY,2023,5819.84086254913
Lesotho,LSO,2023,916.282970463888
Late-demographic dividend,LTE,2023,12422.7253981593
Lithuania,LTU,2023,27786.0057829276
Luxembourg,LUX,2023,131407.681364513
Latvia,LVA,2023,22675.5786295407
"Macao SAR, China",MAC,2023,67476.5290813306
Morocco,MAR,2023,3771.4462890625
Monaco,MCO,2023,256580.515122745
Moldova,MDA,2023,6799.58594644576
Madagascar,MDG,2023,508.718427705736
Maldives,MDV,2023,12530.3602359683
"Middle East, North Africa, Afghanistan & Pakistan",MEA,2023,6063.05247657864
Mexico,MEX,2023,13826.1306570122
Marshall Islands,MHL,2023,6678.34239060448
Middle income,MIC,2023,6347.75391928372
North Macedonia,MKD,2023,8624.28400232117
Mali,MLI,2023,1035.86242628411
Malta,MLT,2023,40182.4313854634
Myanmar,MMR,2023,1233.19666209269
"Middle East, North Africa, Afghanistan & Pakistan (excluding high income)",MNA,2023,2797.40730719316
Montenegro,MNE,2023,12077.3747094687
Mongolia,MNG,2023,5838.63108083902
Mozambique,MOZ,2023,622.985619320596
Mauritania,MRT,2023,2120.82318421747
Mauritius,MUS,2023,11182.186568616
Malawi,MWI,2023,602.343619809252
Malaysia,MYS,2023,11379.0851923557
North America,NAC,2023,79326.9076599571
Namibia,NAM,2023,4187.60500350786
Niger,NER,2023,638.336080723299
Nigeria,NGA,2023,1596.63696129001
Nicaragua,NIC,2023,2609.44492072931
Netherlands,NLD,2023,64572.0059558854
Norway,NOR,2023,87497.3289297342
Nepal,NPL,2023,1382.33055769304
Nauru,NRU,2023,12754.1867566585
New Zealand,NZL,2023,48654.904227478
OECD members,OED,2023,46672.5139916762
Oman,OMN,2023,20972.4830886637
Other small states,OSS,2023,15151.4664915358
Pakistan,PAK,2023,1365.16927410976
Panama,PAN,2023,18686.4050961265
Peru,PER,2023,7887.54185920108
Philippines,PHL,2023,3804.08274131097
Palau,PLW,2023,15899.4246065324
Papua New Guinea,PNG,2023,2966.06830432055
Poland,POL,2023,22145.2643088909
Pre-demographic dividend,PRE,2023,1416.33353040951
Puerto Rico (US),PRI,2023,36948.4036416846
Portugal,PRT,2023,27386.2920595024
Paraguay,PRY,2023,6299.99026533643
West Bank and Gaza,PSE,2023,3455.02852911712
Pacific island small states,PSS,2023,4153.19706628517
Post-demographic dividend,PST,2023,53961.341810452
French Polynesia,PYF,2023,22774.1418988734
Qatar,QAT,2023,80195.8746508549
Romania,ROU,2023,18404.2730871704
Russian Federation,RUS,2023,14159.3876953125
Rwanda,RWA,2023,1027.03446804432
South Asia,SAS,2023,2532.37560051691
Saudi Arabia,SAU,2023,36156.848337701
Sudan,SDN,2023,797.283447265625
Senegal,SEN,2023,1698.03387300843
Singapore,SGP,2023,85412.230345235
Solomon Islands,SLB,2023,2076.10768772563
Sierra Leone,SLE,2023,757.848680560444
El Salvador,SLV,2023,5365.44491399171
Somalia,SOM,2023,597.458854603043
Serbia,SRB,2023,12281.5058488303
Sub-Saharan Africa (excluding high income),SSA,2023,1614.13902501696
Sub-Saharan Africa,SSF,2023,1580.78792757309
Small states,SST,2023,14222.966048012
Sao Tome and Principe,STP,2023,2940.93352926715
Suriname,SUR,2023,5494.07409425517
Slovak Republic,SVK,2023,24673.5482979144
Slovenia,SVN,2023,32610.110922729
Sweden,SWE,2023,55567.0890080496
Eswatini,SWZ,2023,3741.69010745416
Sint Maarten (Dutch part),SXM,2023,38077.5444869761
Seychelles,SYC,2023,18262.7115849287
Syrian Arab Republic,SYR,2023,847.372723418531
Turks and Caicos Islands,TCA,2023,35470.2151608295
Chad,TCD,2023,989.058528968588
East Asia & Pacific (IDA & IBRD countries),TEA,2023,10239.674334039
Europe & Central Asia (IDA & IBRD countries),TEC,2023,12106.9240912296
Togo,TGO,2023,985.697512629974
Thailand,THA,2023,7195.10130919449
Tajikistan,TJK,2023,1178.47990060249
Turkmenistan,TKM,2023,8232.65225980002
Latin America & the Caribbean (IDA & IBRD countries),TLA,2023,10593.1164302324
Timor-Leste,TLS,2023,1502.51964514186
"Middle East, North Africa, Afghanistan & Pakistan (IDA & IBRD)",TMN,2023,2792.71457545742
Tonga,TON,2023,4863.76384632192
South Asia (IDA & IBRD),TSA,2023,2532.37560051691
Sub-Saharan Africa (IDA & IBRD countries),TSS,2023,1580.78792757309
Trinidad and Tobago,TTO,2023,18639.259241294
Tunisia,TUN,2023,3950.3753419816
Turkiye,TUR,2023,13105.6585004778
Tuvalu,TUV,2023,6344.7750188689
Tanzania,TZA,2023,1224.48962402344
Uganda,UGA,2023,1002.30913908852
Ukraine,UKR,2023,5139.59814453125
Upper middle income,UMC,2023,10631.3167441564
Uruguay,URY,2023,23019.4221560046
United States,USA,2023,82304.6204272866
Uzbekistan,UZB,2023,2878.96879292451
St. Vincent and the Grenadines,VCT,2023,10582.3656725229
Viet Nam,VNM,2023,4323.35031982451
Vanuatu,VUT,2023,3515.23633611798
World,WLD,2023,13263.6195488046
Samoa,WSM,2023,4330.17840531329
Kosovo,XKX,2023,6221.20365212094
"Yemen, Rep.",YEM,2023,426.354075914615
South Africa,ZAF,2023,6022.54254192335
Zambia,ZMB,2023,1330.72780576709
Zimbabwe,ZWE,2023,2156.03409322984
Africa Eastern and Southern,AFE,2024,1673.84113878039
Africa Western and Central,AFW,2024,1284.15444092323
Angola,AGO,2024,2122.08368991872
Albania,ALB,2024,10011.6279856667
Andorra,AND,2024,49303.6733899464
Arab World,ARB,2024,7521.15330929761
United Arab Emirates,ARE,2024,49377.5643384379
Argentina,ARG,2024,13858.2039802008
Armenia,ARM,2024,8500.60522486719
Antigua and Barbuda,ATG,2024,23725.7903725506
Australia,AUS,2024,64407.484256932
Austria,AUT,2024,56833.1960472053
Azerbaijan,AZE,2024,7283.83562954872
Burundi,BDI,2024,153.930217854023
Belgium,BEL,2024,55954.6106261018
Benin,BEN,2024,1485.38018980894
Burkina Faso,BFA,2024,987.321378101867
Bangladesh,BGD,2024,2593.41607390407
Bulgaria,BGR,2024,17412.4115085691
Bahrain,BHR,2024,30048.2177718844
"Bahamas, The",BHS,2024,39455.4466548546
Bosnia and Herzegovina,BIH,2024,8957.37294188215
Belarus,BLR,2024,8316.64776291533
Belize,BLZ,2024,8429.67959707387
Bermuda,BMU,2024,138934.958846463
Bolivia,BOL,2024,4001.21133990795
Brazil,BRA,2024,10280.3148624429
Barbados,BRB,2024,25365.7949424181
Brunei Darussalam,BRN,2024,33417.8357740437
Botswana,BWA,2024,7695.2420641819
Central African Republic,CAF,2024,516.170424537757
Canada,CAN,2024,54282.6176051733
Central Europe and the Baltics,CEB,2024,24543.3040551654
Switzerland,CHE,2024,103669.872008144
Chile,CHL,2024,16709.8893972307
China,CHN,2024,13303.1481543868
Cote d'Ivoire,CIV,2024,2709.89511641252
Cameroon,CMR,2024,1762.3683508844
"Congo, Dem. Rep.",COD,2024,647.435704836002
"Congo, Rep.",COG,2024,2482.24894743495
Colombia,COL,2024,7913.98801464547
Comoros,COM,2024,1784.11546860293
Cabo Verde,CPV,2024,5272.85253011419
Costa Rica,CRI,2024,18587.1532203614
Caribbean small states,CSS,2024,20173.9564746676
Cyprus,CYP,2024,38654.16796875
Czechia,CZE,2024,31706.6234229743
Germany,DEU,2024,55800.2194549412
Djibouti,DJI,2024,3496.47111876763
Dominica,DMA,2024,10405.2787777582
Denmark,DNK,2024,71851.7562131368
Dominican Republic,DOM,2024,10875.6618443092
Algeria,DZA,2024,5631.17999109851
East Asia & Pacific (excluding high income),EAP,2024,10396.8255168912
Early-demographic dividend,EAR,2024,4529.82686738144
East Asia & Pacific,EAS,2024,13349.0833109152
Europe & Central Asia (excluding high income),ECA,2024,9668.56270854153
Europe & Central Asia,ECS,2024,31392.581963732
Ecuador,ECU,2024,6874.705739766
"Egypt, Arab Rep.",EGY,2024,3338.47371395895
Euro area,EMU,2024,46724.355622795
Spain,ESP,2024,35297.0094995565
Estonia,EST,2024,31170.0915091887
European Union,EUU,2024,43145.1566930223
Fragile and conflict affected situations,FCS,2024,1690.97291408665
Finland,FIN,2024,53188.6186245158
Fiji,FJI,2024,6288.39867264416
France,FRA,2024,46150.4876861593
"Micronesia, Fed. Sts.",FSM,2024,4166.00476748564
Gabon,GAB,2024,8218.76307061848
United Kingdom,GBR,2024,52636.7865943853
Georgia,GEO,2024,9193.66366361489
Ghana,GHA,2024,2405.79466378083
Guinea,GIN,2024,1717.02318120779
"Gambia, The",GMB,2024,908.525674150965
Guinea-Bissau,GNB,2024,962.983627901892
Equatorial Guinea,GNQ,2024,6745.40013244916
Greece,GRC,2024,24752.1068401681
Grenada,GRD,2024,11871.6117006031
Guatemala,GTM,2024,6150.02597767851
Guyana,GUY,2024,29883.6341152001
High income,HIC,2024,50443.9276011317
"Hong Kong SAR, China",HKG,2024,54107.034521746
Honduras,HND,2024,3426.43483328923
Heavily indebted poor countries (HIPC),HPC,2024,1272.36066941335
Croatia,HRV,2024,23931.4528382746
Haiti,HTI,2024,2142.62330526788
Hungary,HUN,2024,23310.7512733957
IBRD only,IBD,2024,8253.92125275536
IDA & IBRD total,IBT,2024,6351.48106277471
IDA total,IDA,2024,1486.64710905859
IDA blend,IDB,2024,1565.83627113068
Indonesia,IDN,2024,4925.43048751861
IDA only,IDX,2024,1444.42895490433
India,IND,2024,2696.66389984463
Ireland,IRL,2024,107316.337306921
"Iran, Islamic Rep.",IRN,2024,4771.40029026226
Iraq,IRQ,2024,6073.61032342708
Iceland,ISL,2024,82703.8579937471
Israel,ISR,2024,54176.6844383302
Italy,ITA,2024,40226.0472416173
Jamaica,JAM,2024,7019.74634780454
Jordan,JOR,2024,4618.09592498567
Japan,JPN,2024,32475.8924992191
Kazakhstan,KAZ,2024,14005.3487362345
Kenya,KEN,2024,2206.1349785176
Kyrgyz Republic,KGZ,2024,2419.26553574523
Cambodia,KHM,2024,2627.8796974226
Kiribati,KIR,2024,2288.63458265531
St. Kitts and Nevis,KNA,2024,22771.4168922033
Kuwait,KWT,2024,32213.8622292316
Latin America & Caribbean (excluding high income),LAC,2024,10344.66889924
Lao PDR,LAO,2024,2123.97909411797
Liberia,LBR,2024,846.277368387389
Libya,LBY,2024,6318.40314031017
St. Lucia,LCA,2024,14181.6303351598
Latin America & Caribbean,LCN,2024,11044.6796556507
Least developed countries: UN classification,LDC,2024,1325.30935386629
Low income,LIC,2024,746.934788844338
Sri Lanka,LKA,2024,4515.56787322732
Lower middle income,LMC,2024,2517.63261211924
Low & middle income,LMY,2024,5974.80452228262
Lesotho,LSO,2024,971.814620468788
Late-demographic dividend,LTE,2024,12843.3344406811
Lithuania,LTU,2024,29386.2878350187
Luxembourg,LUX,2024,137516.587324367
Latvia,LVA,2024,23367.5986788961
"Macao SAR, China",MAC,2024,73046.8890267079
Morocco,MAR,2024,3993.38745117188
Moldova,MDA,2024,7617.51613089815
Madagascar,MDG,2024,544.997302693127
Maldives,MDV,2024,13215.5353637008
"Middle East, North Africa, Afghanistan & Pakistan",MEA,2024,6180.85878446824
Mexico,MEX,2024,14157.9445835849
Marshall Islands,MHL,2024,7466.65186507409
Middle income,MIC,2024,6524.2573581605
North Macedonia,MKD,2024,9310.02790015256
Mali,MLI,2024,1086.1762176779
Malta,MLT,2024,42347.3073860173
Myanmar,MMR,2024,1359.25961394135
"Middle East, North Africa, Afghanistan & Pakistan (excluding high income)",MNA,2024,2903.59793979158
Montenegro,MNE,2024,12935.4522712126
Mongolia,MNG,2024,6691.48209834228
Mozambique,MOZ,2024,647.28579950207
Mauritania,MRT,2024,2082.78374423714
Mauritius,MUS,2024,11871.733679438
Malawi,MWI,2024,508.371273531708
Malaysia,MYS,2024,11867.2586435443
North America,NAC,2024,82406.4788664869
Namibia,NAM,2024,4413.1274418646
Niger,NER,2024,722.748650326257
Nigeria,NGA,2024,806.945695055244
Nicaragua,NIC,2024,2847.53966339498
Netherlands,NLD,2024,68218.7261019406
Norway,NOR,2024,86809.7246897431
Nepal,NPL,2024,1447.31004458428
Nauru,NRU,2024,13421.8330584638
New Zealand,NZL,2024,48747.0136853042
OECD members,OED,2024,48454.6975400673
Oman,OMN,2024,20248.4168124608
Other small states,OSS,2024,15867.6733515992
Pakistan,PAK,2024,1484.74985864775
Panama,PAN,2024,19102.8521936399
Peru,PER,2024,8452.37167047598
Philippines,PHL,2024,3984.8315387656
Papua New Guinea,PNG,2024,3076.48786186584
Poland,POL,2024,25022.6716445953
Pre-demographic dividend,PRE,2024,1290.20000126508
Puerto Rico (US),PRI,2024,39285.0174585856
Portugal,PRT,2024,28844.4979246799
Paraguay,PRY,2024,6416.09709002917
West Bank and Gaza,PSE,2024,2592.30591217647
Pacific island small states,PSS,2024,4399.41105391407
Post-demographic dividend,PST,2024,55865.7865373976
Qatar,QAT,2024,76275.9076782833
Romania,ROU,2024,20072.4079244042
Russian Federation,RUS,2024,14889.0185546875
Rwanda,RWA,2024,999.654561402699
South Asia,SAS,2024,2691.64556264089
Saudi Arabia,SAU,2024,35057.2252306969
Sudan,SDN,2024,989.312866210938
Senegal,SEN,2024,1743.98888384359
Singapore,SGP,2024,90674.066632628
Solomon Islands,SLB,2024,2149.37957267304
Sierra Leone,SLE,2024,873.388575182318
El Salvador,SLV,2024,5579.65969165029
Somalia,SOM,2024,636.983477589273
Serbia,SRB,2024,13523.7246826854
Sub-Saharan Africa (excluding high income),SSA,2024,1506.22853698028
Sub-Saharan Africa,SSF,2024,1516.35448013206
Small states,SST,2024,15291.69576976
Sao Tome and Principe,STP,2024,3244.82899741459
Suriname,SUR,2024,7430.70219176443
Slovak Republic,SVK,2024,26147.9028430133
Slovenia,SVN,2024,34089.3527652778
Sweden,SWE,2024,57723.2345031532
Eswatini,SWZ,2024,3936.10969242371
Sint Maarten (Dutch part),SXM,2024,40027.9175992113
Seychelles,SYC,2024,17858.8226383978
Turks and Caicos Islands,TCA,2024,37506.7798431288
Chad,TCD,2024,1016.08880662712
East Asia & Pacific (IDA & IBRD countries),TEA,2024,10513.9755660123
Europe & Central Asia (IDA & IBRD countries),TEC,2024,13257.56545104
Togo,TGO,2024,1043.14092889765
Thailand,THA,2024,7345.13569000377
Tajikistan,TJK,2024,1341.20229027672
Turkmenistan,TKM,2024,8571.60702949432
Latin America & the Caribbean (IDA & IBRD countries),TLA,2024,10784.3171528207
Timor-Leste,TLS,2024,1343.14886031844
"Middle East, North Africa, Afghanistan & Pakistan (IDA & IBRD)",TMN,2024,2905.83377209255
South Asia (IDA & IBRD),TSA,2024,2691.64556264089
Sub-Saharan Africa (IDA & IBRD countries),TSS,2024,1516.35448013206
Trinidad and Tobago,TTO,2024,19314.7163432664
Tunisia,TUN,2024,4350.3717971875
Turkiye,TUR,2024,15473.2872636856
Tanzania,TZA,2024,1185.74548339844
Uganda,UGA,2024,1072.71369837695
Ukraine,UKR,2024,5389.47314453125
Upper middle income,UMC,2024,10961.8184459945
Uruguay,URY,2024,23906.5133029408
United States,USA,2024,85809.9003846356
Uzbekistan,UZB,2024,3161.70010632875
St. Vincent and the Grenadines,VCT,2024,11501.2265187188
Viet Nam,VNM,2024,4717.29028732449
Vanuatu,VUT,2024,3542.81071592874
World,WLD,2024,13673.0039578901
Samoa,WSM,2024,4898.77140817676
Kosovo,XKX,2024,7299.43498083118
"Yemen, Rep.",YEM,2024,433.174015068148
South Africa,ZAF,2024,6253.37158194543
Zambia,ZMB,2024,1235.08466482514
Zimbabwe,ZWE,2024,2656.40937654332
