date,exchange,pair,base_asset,quote_asset,close_price,volume_base,volume_quote
2021-01-01,okx,BTC/USDC,BTC,USDC,29342.3,23.05308566,676430.555361418
2021-01-02,okx,BTC/USDC,BTC,USDC,31898.3,41.70491148,1330315.7778624839
2021-01-03,okx,BTC/USDC,BTC,USDC,33389.7,12.8813869,430105.64417493
2021-01-04,okx,BTC/USDC,BTC,USDC,31959.0,81.43422829,2602556.5019201096
2021-01-05,okx,BTC/USDC,BTC,USDC,33952.4,16.06300747,545377.654824428
2021-01-06,okx,BTC/USDC,BTC,USDC,36830.7,43.3403793,1596256.5078845099
2021-01-07,okx,BTC/USDC,BTC,USDC,39454.3,47.52282764,1874979.8985568522
2021-01-08,okx,BTC/USDC,BTC,USDC,40802.6,42.77942309,1745511.688572034
2021-01-09,okx,BTC/USDC,BTC,USDC,40385.7,13.73068045,554523.141449565
2021-01-10,okx,BTC/USDC,BTC,USDC,38170.7,31.30368647,1194883.6251404288
2021-01-11,okx,BTC/USDC,BTC,USDC,35480.9,116.58216869,4136440.269073021
2021-01-12,okx,BTC/USDC,BTC,USDC,34042.2,28.74741742,978625.333295124
2021-01-13,okx,BTC/USDC,BTC,USDC,37003.1,27.53738146,1018968.4799025259
2021-01-14,okx,BTC/USDC,BTC,USDC,39249.5,18.79653282,737754.51491859
2021-01-15,okx,BTC/USDC,BTC,USDC,36742.1,28.89711825,1061740.808453325
2021-01-16,okx,BTC/USDC,BTC,USDC,36338.8,19.10324398,694188.962340424
2021-01-17,okx,BTC/USDC,BTC,USDC,35702.1,12.51880559,446947.649054739
2021-01-18,okx,BTC/USDC,BTC,USDC,36781.0,11.91456286,438229.53655366
2021-01-19,okx,BTC/USDC,BTC,USDC,35897.3,24.14488283,866736.1024133591
2021-01-20,okx,BTC/USDC,BTC,USDC,35447.8,30.39974914,1077604.227564892
2021-01-21,okx,BTC/USDC,BTC,USDC,30681.4,50.8609983,1560486.63324162
2021-01-22,okx,BTC/USDC,BTC,USDC,33075.8,50.23505541,1661564.6457300782
2021-01-23,okx,BTC/USDC,BTC,USDC,32115.6,11.42147808,366807.621426048
2021-01-24,okx,BTC/USDC,BTC,USDC,32359.4,7.47865491,242004.785694654
2021-01-25,okx,BTC/USDC,BTC,USDC,32177.9,11.84944465,381290.24500323506
2021-01-26,okx,BTC/USDC,BTC,USDC,32763.6,7.73595388,253457.698542768
2021-01-27,okx,BTC/USDC,BTC,USDC,30193.6,23.64467233,713917.778463088
2021-01-28,okx,BTC/USDC,BTC,USDC,33432.5,23.90888544,799333.8124727999
2021-01-29,okx,BTC/USDC,BTC,USDC,34401.1,79.96037838,2750724.9726882176
2021-01-30,okx,BTC/USDC,BTC,USDC,34324.4,13.13423512,450824.739952928
2021-01-31,okx,BTC/USDC,BTC,USDC,33249.7,6.28240754,208888.165982738
2021-02-01,okx,BTC/USDC,BTC,USDC,33565.9,17.03499266,571794.8601262941
2021-02-02,okx,BTC/USDC,BTC,USDC,35564.8,10.01565652,356204.82100249606
2021-02-03,okx,BTC/USDC,BTC,USDC,37530.8,12.02390967,451266.94904283603
2021-02-04,okx,BTC/USDC,BTC,USDC,36945.5,9.96950358,368328.29451489
2021-02-05,okx,BTC/USDC,BTC,USDC,38364.0,20.37197253,781550.35414092
2021-02-06,okx,BTC/USDC,BTC,USDC,39278.1,7.02044508,275749.743896748
2021-02-07,okx,BTC/USDC,BTC,USDC,38875.3,2.85607051,111030.597897403
2021-02-08,okx,BTC/USDC,BTC,USDC,46500.0,29.816507,1386467.5755
2021-02-09,okx,BTC/USDC,BTC,USDC,46300.3,10.22635617,473483.3585778511
2021-02-10,okx,BTC/USDC,BTC,USDC,44888.0,9.1037006,408646.9125328
2021-02-11,okx,BTC/USDC,BTC,USDC,48007.6,7.00095698,336099.14231304795
2021-02-12,okx,BTC/USDC,BTC,USDC,47587.7,4.82993699,229845.59249902298
2021-02-13,okx,BTC/USDC,BTC,USDC,47145.8,0.62637264,29530.839210912003
2021-02-14,okx,BTC/USDC,BTC,USDC,49160.9,3.2740451,160955.00375659
2021-02-15,okx,BTC/USDC,BTC,USDC,48152.7,7.89351776,380094.19264195196
2021-02-16,okx,BTC/USDC,BTC,USDC,49110.4,1.94918256,95725.135194624
2021-02-17,okx,BTC/USDC,BTC,USDC,52333.0,22.26208631,1165041.76286123
2021-02-18,okx,BTC/USDC,BTC,USDC,51473.9,5.37600828,276724.112603892
2021-02-19,okx,BTC/USDC,BTC,USDC,55084.9,11.72317378,645769.855353922
2021-02-20,okx,BTC/USDC,BTC,USDC,56089.7,8.5516603,479660.06072891
2021-02-21,okx,BTC/USDC,BTC,USDC,57349.6,5.50632856,315785.74038457597
2021-02-22,okx,BTC/USDC,BTC,USDC,54192.9,13.21337537,716071.130088873
2021-02-23,okx,BTC/USDC,BTC,USDC,48874.4,33.37631778,1631247.505706832
2021-02-24,okx,BTC/USDC,BTC,USDC,49552.5,22.47186826,1113537.25195365
2021-02-25,okx,BTC/USDC,BTC,USDC,46946.4,23.18269084,1088343.877250976
2021-02-26,okx,BTC/USDC,BTC,USDC,46336.4,47.75945553,2213001.235220292
2021-02-27,okx,BTC/USDC,BTC,USDC,46125.5,14.56470317,671804.216067835
2021-02-28,okx,BTC/USDC,BTC,USDC,45110.8,13.08471796,590262.094949968
2021-03-01,okx,BTC/USDC,BTC,USDC,49658.8,18.91952219,939520.7685287719
2021-03-02,okx,BTC/USDC,BTC,USDC,48446.0,31.70572223,1536015.41915458
2021-03-03,okx,BTC/USDC,BTC,USDC,50469.8,23.83850955,1203124.8092865902
2021-03-04,okx,BTC/USDC,BTC,USDC,48589.4,29.70985283,1443583.923098002
2021-03-05,okx,BTC/USDC,BTC,USDC,48735.6,13.67742027,666577.283310612
2021-03-06,okx,BTC/USDC,BTC,USDC,49126.4,18.29767029,898898.669734656
2021-03-07,okx,BTC/USDC,BTC,USDC,51300.2,14.66826279,752484.814779558
2021-03-08,okx,BTC/USDC,BTC,USDC,52246.9,15.21069339,794711.576477991
2021-03-09,okx,BTC/USDC,BTC,USDC,54793.8,14.07334722,771132.1729032361
2021-03-10,okx,BTC/USDC,BTC,USDC,56117.5,22.49392278,1262302.71160665
2021-03-11,okx,BTC/USDC,BTC,USDC,58078.3,15.79512341,917353.915943003
2021-03-12,okx,BTC/USDC,BTC,USDC,57388.3,2.3524018,135000.34021894
2021-03-13,okx,BTC/USDC,BTC,USDC,61388.0,15.19578797,932839.03190236
2021-03-14,okx,BTC/USDC,BTC,USDC,59150.2,3.42077804,202339.705221608
2021-03-15,okx,BTC/USDC,BTC,USDC,55589.5,13.18177224,732768.1279354801
2021-03-16,okx,BTC/USDC,BTC,USDC,56200.0,7.65161294,430020.647228
2021-03-17,okx,BTC/USDC,BTC,USDC,58634.4,3.00701275,176314.3883886
2021-03-18,okx,BTC/USDC,BTC,USDC,57878.4,1.40983049,81598.733032416
2021-03-19,okx,BTC/USDC,BTC,USDC,57994.5,2.36818395,137341.644088275
2021-03-20,okx,BTC/USDC,BTC,USDC,57407.0,1.67812051,96335.86411757
2021-03-21,okx,BTC/USDC,BTC,USDC,57625.8,3.20312901,184582.87170445803
2021-03-22,okx,BTC/USDC,BTC,USDC,54690.6,3.74824874,204993.972539844
2021-03-23,okx,BTC/USDC,BTC,USDC,54582.3,5.88965255,321470.782379865
2021-03-24,okx,BTC/USDC,BTC,USDC,52310.3,5.28034398,276216.377696994
2021-03-25,okx,BTC/USDC,BTC,USDC,51557.8,3.11462847,160583.391730566
2021-03-26,okx,BTC/USDC,BTC,USDC,55000.0,3.19636841,175800.26254999998
2021-03-27,okx,BTC/USDC,BTC,USDC,56046.1,0.69751336,39092.903525896
2021-03-28,okx,BTC/USDC,BTC,USDC,55699.8,0.39653294,22086.805451412
2021-03-29,okx,BTC/USDC,BTC,USDC,57925.1,1.01055292,58536.378946292
2021-03-30,okx,BTC/USDC,BTC,USDC,58649.6,5.47000293,320813.48384332797
2021-03-31,okx,BTC/USDC,BTC,USDC,58720.8,1.13174128,66456.753354624
2021-04-01,okx,BTC/USDC,BTC,USDC,58840.7,6.80166021,400214.44791854697
2021-04-02,okx,BTC/USDC,BTC,USDC,59197.9,1.07633268,63716.634357372
2021-04-03,okx,BTC/USDC,BTC,USDC,57000.0,1.44932077,82611.28388999999
2021-04-04,okx,BTC/USDC,BTC,USDC,58083.7,1.57162213,91285.628312281
2021-04-05,okx,BTC/USDC,BTC,USDC,58880.3,1.1483221,67613.54974463
2021-04-06,okx,BTC/USDC,BTC,USDC,57981.3,1.43935335,83455.578392355
2021-04-07,okx,BTC/USDC,BTC,USDC,56157.2,0.96693033,54300.09992787599
2021-04-08,okx,BTC/USDC,BTC,USDC,58042.1,0.86599453,50264.141109713004
2021-04-09,okx,BTC/USDC,BTC,USDC,57999.3,1.22053718,70790.302063974
2021-04-10,okx,BTC/USDC,BTC,USDC,59561.7,1.3064514,77814.46635138
2021-01-01,okx,ETH/USDC,ETH,USDC,729.98,217.181031,158537.80900938
2021-01-02,okx,ETH/USDC,ETH,USDC,768.8,228.694068,175819.9994784
2021-01-03,okx,ETH/USDC,ETH,USDC,967.42,311.436016,301289.43059872
2021-01-04,okx,ETH/USDC,ETH,USDC,1037.79,1939.204398,2012486.93220042
2021-01-05,okx,ETH/USDC,ETH,USDC,1103.18,318.525265,351390.7018427
2021-01-06,okx,ETH/USDC,ETH,USDC,1208.32,491.170956,593491.68955392
2021-01-07,okx,ETH/USDC,ETH,USDC,1215.0,176.090517,213949.97815500002
2021-01-08,okx,ETH/USDC,ETH,USDC,1227.34,352.355011,432459.39920074
2021-01-09,okx,ETH/USDC,ETH,USDC,1279.74,164.930584,211068.26556816002
2021-01-10,okx,ETH/USDC,ETH,USDC,1275.98,441.719443,563625.17487914
2021-01-11,okx,ETH/USDC,ETH,USDC,1090.0,675.013184,735764.3705600001
2021-01-12,okx,ETH/USDC,ETH,USDC,1045.41,176.327543,184334.57672763002
2021-01-13,okx,ETH/USDC,ETH,USDC,1134.44,126.698991,143732.40335004003
2021-01-14,okx,ETH/USDC,ETH,USDC,1228.33,83.195518,102191.55062494
2021-01-15,okx,ETH/USDC,ETH,USDC,1172.39,281.090538,329547.73584582
2021-01-16,okx,ETH/USDC,ETH,USDC,1237.15,86.620524,107162.58126660001
2021-01-17,okx,ETH/USDC,ETH,USDC,1225.9,102.732188,125939.38926920001
2021-01-18,okx,ETH/USDC,ETH,USDC,1261.83,39.074914,49305.89873262
2021-01-19,okx,ETH/USDC,ETH,USDC,1365.93,811.608051,1108599.78510243
2021-01-20,okx,ETH/USDC,ETH,USDC,1378.09,265.259597,365551.59802972997
2021-01-21,okx,ETH/USDC,ETH,USDC,1114.97,212.421437,236843.52961189
2021-01-22,okx,ETH/USDC,ETH,USDC,1240.46,209.549448,259937.70826608004
2021-01-23,okx,ETH/USDC,ETH,USDC,1237.59,84.585266,104681.87934894
2021-01-24,okx,ETH/USDC,ETH,USDC,1394.01,397.689826,554383.5943422599
2021-01-25,okx,ETH/USDC,ETH,USDC,1322.24,150.27359,198697.7516416
2021-01-26,okx,ETH/USDC,ETH,USDC,1367.69,460.089122,629259.29126818
2021-01-27,okx,ETH/USDC,ETH,USDC,1243.59,180.775508,224810.61399371998
2021-01-28,okx,ETH/USDC,ETH,USDC,1334.62,70.973022,94722.01462163999
2021-01-29,okx,ETH/USDC,ETH,USDC,1373.69,222.339294,305425.26477486
2021-01-30,okx,ETH/USDC,ETH,USDC,1373.69,77.897711,107007.30662359
2021-01-31,okx,ETH/USDC,ETH,USDC,1318.55,45.058215,59411.50938824999
2021-02-01,okx,ETH/USDC,ETH,USDC,1376.4,74.635275,102727.99251
2021-02-02,okx,ETH/USDC,ETH,USDC,1523.89,332.898681,507300.97098909004
2021-02-03,okx,ETH/USDC,ETH,USDC,1663.55,128.824525,214306.03856375
2021-02-04,okx,ETH/USDC,ETH,USDC,1596.92,115.555325,184532.609599
2021-02-05,okx,ETH/USDC,ETH,USDC,1721.53,119.764872,206178.82009415998
2021-02-06,okx,ETH/USDC,ETH,USDC,1676.04,113.096146,189553.66454184
2021-02-07,okx,ETH/USDC,ETH,USDC,1619.53,203.239278,329152.10789934004
2021-02-08,okx,ETH/USDC,ETH,USDC,1753.91,262.95145,461193.17766950006
2021-02-09,okx,ETH/USDC,ETH,USDC,1767.32,62.63121,110689.3900572
2021-02-10,okx,ETH/USDC,ETH,USDC,1742.17,100.97926,175923.03739420002
2021-02-11,okx,ETH/USDC,ETH,USDC,1784.46,136.136804,242930.68126584002
2021-02-12,okx,ETH/USDC,ETH,USDC,1842.55,103.863158,191373.0617729
2021-02-13,okx,ETH/USDC,ETH,USDC,1815.13,34.946238,63431.96498094001
2021-02-14,okx,ETH/USDC,ETH,USDC,1807.97,14.866374,26877.95820078
2021-02-15,okx,ETH/USDC,ETH,USDC,1774.05,205.803463,365105.63353515
2021-02-16,okx,ETH/USDC,ETH,USDC,1780.04,24.234016,43137.51784064
2021-02-17,okx,ETH/USDC,ETH,USDC,1842.92,42.607001,78521.29428292
2021-02-18,okx,ETH/USDC,ETH,USDC,1932.13,19.835425,38324.61970525001
2021-02-19,okx,ETH/USDC,ETH,USDC,1963.98,30.357488,59621.49928224
2021-02-20,okx,ETH/USDC,ETH,USDC,1915.93,166.463462,318932.34074966
2021-02-21,okx,ETH/USDC,ETH,USDC,1932.3,77.418084,149594.96371319998
2021-02-22,okx,ETH/USDC,ETH,USDC,1777.59,345.629245,614387.08961955
2021-02-23,okx,ETH/USDC,ETH,USDC,1571.64,353.449219,555494.9305491601
2021-02-24,okx,ETH/USDC,ETH,USDC,1616.44,150.891812,243907.56058927998
2021-02-25,okx,ETH/USDC,ETH,USDC,1468.77,305.11593,448145.12450609996
2021-02-26,okx,ETH/USDC,ETH,USDC,1441.45,540.539832,779161.1408364001
2021-02-27,okx,ETH/USDC,ETH,USDC,1454.65,106.017341,154218.12508565
2021-02-28,okx,ETH/USDC,ETH,USDC,1416.89,109.498561,155147.41609529
2021-03-01,okx,ETH/USDC,ETH,USDC,1574.43,165.543165,260636.12527095
2021-03-02,okx,ETH/USDC,ETH,USDC,1489.25,96.885384,144286.55812200002
2021-03-03,okx,ETH/USDC,ETH,USDC,1585.82,275.516136,436918.99879152
2021-03-04,okx,ETH/USDC,ETH,USDC,1541.99,533.522807,822686.8331659299
2021-03-05,okx,ETH/USDC,ETH,USDC,1541.39,413.188783,636885.05822837
2021-03-06,okx,ETH/USDC,ETH,USDC,1659.14,618.087543,1025493.76609302
2021-03-07,okx,ETH/USDC,ETH,USDC,1730.0,518.594635,897168.7185500001
2021-03-08,okx,ETH/USDC,ETH,USDC,1841.22,481.167957,885936.06578754
2021-03-09,okx,ETH/USDC,ETH,USDC,1868.21,117.26183,219069.7234243
2021-03-10,okx,ETH/USDC,ETH,USDC,1790.93,403.160796,722032.76438028
2021-03-11,okx,ETH/USDC,ETH,USDC,1839.41,422.218625,776633.16101125
2021-03-12,okx,ETH/USDC,ETH,USDC,1765.1,41.440977,73147.4685027
2021-03-13,okx,ETH/USDC,ETH,USDC,1935.76,52.890293,102382.91357768
2021-03-14,okx,ETH/USDC,ETH,USDC,1858.07,220.311942,409355.01007193996
2021-03-15,okx,ETH/USDC,ETH,USDC,1782.94,457.810842,816249.26263548
2021-03-16,okx,ETH/USDC,ETH,USDC,1795.7,168.114005,301882.3187785
2021-03-17,okx,ETH/USDC,ETH,USDC,1810.49,127.02654,229980.2804046
2021-03-18,okx,ETH/USDC,ETH,USDC,1790.06,21.232894,38008.15423364
2021-03-19,okx,ETH/USDC,ETH,USDC,1807.97,91.446821,165333.10896337
2021-03-20,okx,ETH/USDC,ETH,USDC,1806.43,18.178953,32839.006067790004
2021-03-21,okx,ETH/USDC,ETH,USDC,1782.68,23.974373,42738.63525964
2021-03-22,okx,ETH/USDC,ETH,USDC,1695.36,32.8667,55720.888512
2021-03-23,okx,ETH/USDC,ETH,USDC,1679.38,20.588731,34576.30306678
2021-03-24,okx,ETH/USDC,ETH,USDC,1586.38,59.29811,94069.33574180001
2021-03-25,okx,ETH/USDC,ETH,USDC,1584.28,20.089199,31826.91619172
2021-03-26,okx,ETH/USDC,ETH,USDC,1695.36,5.234878,8875.00276608
2021-03-27,okx,ETH/USDC,ETH,USDC,1727.78,6.942504,11995.119561119998
2021-03-28,okx,ETH/USDC,ETH,USDC,1668.76,4.75194,7929.847394400001
2021-03-29,okx,ETH/USDC,ETH,USDC,1820.04,14.38845,26187.554538
2021-03-30,okx,ETH/USDC,ETH,USDC,1849.63,10.009769,18514.36903547
2021-03-31,okx,ETH/USDC,ETH,USDC,1913.7,56.382306,107898.8189922
2021-04-01,okx,ETH/USDC,ETH,USDC,1966.23,29.497676,57999.215481479994
2021-04-02,okx,ETH/USDC,ETH,USDC,2136.39,42.503888,90804.88128432
2021-04-03,okx,ETH/USDC,ETH,USDC,2014.49,11.307717,22779.28281933
2021-04-04,okx,ETH/USDC,ETH,USDC,2075.13,48.149967,99917.44102071
2021-04-05,okx,ETH/USDC,ETH,USDC,2092.09,36.935831,77273.08267679
2021-04-06,okx,ETH/USDC,ETH,USDC,2122.28,25.636208,54407.21151424001
2021-04-07,okx,ETH/USDC,ETH,USDC,1959.78,52.752016,103382.34591648
2021-04-08,okx,ETH/USDC,ETH,USDC,2074.14,15.615324,32388.368121359996
2021-04-09,okx,ETH/USDC,ETH,USDC,2062.63,5.077351,10472.69649313
2021-04-10,okx,ETH/USDC,ETH,USDC,2128.08,12.973018,27607.62014544
2021-01-01,okx,OKB/USDC,OKB,USDC,9.222,2314.6328,21345.543681599996
2021-01-02,okx,OKB/USDC,OKB,USDC,8.393,1396.4222,11720.1715246
2021-01-03,okx,OKB/USDC,OKB,USDC,7.456,876.181,6532.805536000001
2021-01-04,okx,OKB/USDC,OKB,USDC,7.242,1890.4988,13690.9923096
2021-01-05,okx,OKB/USDC,OKB,USDC,7.547,2337.287,17639.504988999997
2021-01-06,okx,OKB/USDC,OKB,USDC,7.39,147.8773,1092.8132469999998
2021-01-07,okx,OKB/USDC,OKB,USDC,7.524,2706.6891,20365.1287884
2021-01-08,okx,OKB/USDC,OKB,USDC,7.081,595.9277,4219.7640437
2021-01-09,okx,OKB/USDC,OKB,USDC,7.239,727.1636,5263.9373004
2021-01-10,okx,OKB/USDC,OKB,USDC,6.968,2989.9759,20834.1520712
2021-01-11,okx,OKB/USDC,OKB,USDC,6.246,19568.4194,122224.3475724
2021-01-12,okx,OKB/USDC,OKB,USDC,6.346,1536.5272,9750.8016112
2021-01-13,okx,OKB/USDC,OKB,USDC,6.417,4070.1203,26117.9619651
2021-01-14,okx,OKB/USDC,OKB,USDC,6.177,2151.5383,13290.0520791
2021-01-15,okx,OKB/USDC,OKB,USDC,5.84,2095.3284,12236.717856
2021-01-16,okx,OKB/USDC,OKB,USDC,6.087,1754.8874,10681.9996038
2021-01-17,okx,OKB/USDC,OKB,USDC,6.247,776.625,4851.576375
2021-01-18,okx,OKB/USDC,OKB,USDC,6.604,2930.7548,19354.7046992
2021-01-19,okx,OKB/USDC,OKB,USDC,6.075,2265.7228,13764.266010000001
2021-01-20,okx,OKB/USDC,OKB,USDC,6.399,1690.1496,10815.2672904
2021-01-21,okx,OKB/USDC,OKB,USDC,5.951,578.4779,3442.5219829
2021-01-22,okx,OKB/USDC,OKB,USDC,5.891,4293.2395,25291.4738945
2021-01-23,okx,OKB/USDC,OKB,USDC,5.936,1233.7625,7323.6142
2021-01-24,okx,OKB/USDC,OKB,USDC,5.872,1259.3974,7395.1815328
2021-01-25,okx,OKB/USDC,OKB,USDC,5.802,926.5661,5375.9365122
2021-01-26,okx,OKB/USDC,OKB,USDC,5.598,710.5247,3977.5172706000003
2021-01-27,okx,OKB/USDC,OKB,USDC,5.272,874.9064,4612.5065408
2021-01-28,okx,OKB/USDC,OKB,USDC,5.462,1036.8454,5663.249574799999
2021-01-29,okx,OKB/USDC,OKB,USDC,5.452,10177.3608,55486.9710816
2021-01-30,okx,OKB/USDC,OKB,USDC,5.462,490.21,2677.5270199999995
2021-01-31,okx,OKB/USDC,OKB,USDC,5.741,865.8464,4970.8241824
2021-02-01,okx,OKB/USDC,OKB,USDC,5.802,3723.8517,21605.7875634
2021-02-02,okx,OKB/USDC,OKB,USDC,5.874,2466.761,14489.754114
2021-02-03,okx,OKB/USDC,OKB,USDC,6.208,1583.3899,9829.684499199999
2021-02-04,okx,OKB/USDC,OKB,USDC,6.087,409.5555,2492.9643284999997
2021-02-05,okx,OKB/USDC,OKB,USDC,6.56,1211.1831,7945.3611359999995
2021-02-06,okx,OKB/USDC,OKB,USDC,6.612,698.7841,4620.3604692
2021-02-07,okx,OKB/USDC,OKB,USDC,6.265,1990.129,12468.158184999998
2021-02-08,okx,OKB/USDC,OKB,USDC,6.304,1828.1489,11524.6506656
2021-02-09,okx,OKB/USDC,OKB,USDC,8.349,2292.3053,19138.4569497
2021-02-10,okx,OKB/USDC,OKB,USDC,9.231,8630.4743,79667.90826329999
2021-02-11,okx,OKB/USDC,OKB,USDC,8.607,2659.3127,22888.704408899997
2021-02-12,okx,OKB/USDC,OKB,USDC,9.13,1011.2778,9232.966314000001
2021-02-13,okx,OKB/USDC,OKB,USDC,8.983,325.9021,2927.5785643000004
2021-02-14,okx,OKB/USDC,OKB,USDC,8.819,530.3674,4677.310100600001
2021-02-15,okx,OKB/USDC,OKB,USDC,8.401,401.3988,3372.1513188
2021-02-16,okx,OKB/USDC,OKB,USDC,8.215,111.4285,915.3851275
2021-02-17,okx,OKB/USDC,OKB,USDC,9.824,817.1918,8028.0922432
2021-02-18,okx,OKB/USDC,OKB,USDC,10.629,1019.8154,10839.6178866
2021-02-19,okx,OKB/USDC,OKB,USDC,17.207,6240.4757,107379.8653699
2021-02-20,okx,OKB/USDC,OKB,USDC,13.743,2351.8745,32321.8112535
2021-02-21,okx,OKB/USDC,OKB,USDC,21.849,3022.3025,66034.2873225
2021-02-22,okx,OKB/USDC,OKB,USDC,20.136,1708.7184,34406.7537024
2021-02-23,okx,OKB/USDC,OKB,USDC,16.964,18435.5918,312741.37929519993
2021-02-24,okx,OKB/USDC,OKB,USDC,18.61,16831.9701,313242.96356099995
2021-02-25,okx,OKB/USDC,OKB,USDC,16.861,6181.4762,104225.87020820001
2021-02-26,okx,OKB/USDC,OKB,USDC,16.287,5556.9547,90506.1211989
2021-02-27,okx,OKB/USDC,OKB,USDC,18.299,52926.7728,968507.0154672
2021-02-28,okx,OKB/USDC,OKB,USDC,15.691,5315.7928,83410.1048248
2021-03-01,okx,OKB/USDC,OKB,USDC,17.777,17261.4796,306857.3228492
2021-03-02,okx,OKB/USDC,OKB,USDC,16.964,7097.5691,120403.16221239998
2021-03-03,okx,OKB/USDC,OKB,USDC,17.059,5786.3778,98709.81889020001
2021-03-04,okx,OKB/USDC,OKB,USDC,17.558,22904.8793,402163.8707494
2021-03-05,okx,OKB/USDC,OKB,USDC,17.207,7571.6155,130284.7879085
2021-03-06,okx,OKB/USDC,OKB,USDC,17.103,5721.111,97848.161433
2021-03-07,okx,OKB/USDC,OKB,USDC,17.527,4793.3071,84012.29354170001
2021-03-08,okx,OKB/USDC,OKB,USDC,16.835,8170.665,137553.14527500002
2021-03-09,okx,OKB/USDC,OKB,USDC,17.961,6267.8225,112576.35992249999
2021-03-10,okx,OKB/USDC,OKB,USDC,16.654,8256.912,137510.612448
2021-03-11,okx,OKB/USDC,OKB,USDC,16.554,8456.7202,139992.54619079997
2021-03-12,okx,OKB/USDC,OKB,USDC,15.768,2408.4458,37976.3733744
2021-03-13,okx,OKB/USDC,OKB,USDC,16.142,6312.8351,101901.7841842
2021-03-14,okx,OKB/USDC,OKB,USDC,15.715,192.321,3022.324515
2021-03-15,okx,OKB/USDC,OKB,USDC,14.734,8255.0306,121629.6208604
2021-03-16,okx,OKB/USDC,OKB,USDC,14.765,1143.2826,16880.567589000002
2021-03-17,okx,OKB/USDC,OKB,USDC,14.645,524.5823,7682.5077835
2021-03-18,okx,OKB/USDC,OKB,USDC,14.495,2932.7271,42509.8793145
2021-03-19,okx,OKB/USDC,OKB,USDC,14.495,2686.5714,38941.852442999996
2021-03-20,okx,OKB/USDC,OKB,USDC,14.495,496.259,7193.274205
2021-03-21,okx,OKB/USDC,OKB,USDC,14.06,1564.3647,21994.967682000002
2021-03-22,okx,OKB/USDC,OKB,USDC,13.469,1395.8779,18801.079435099997
2021-03-23,okx,OKB/USDC,OKB,USDC,13.501,1924.9408,25988.6257408
2021-03-24,okx,OKB/USDC,OKB,USDC,13.081,2716.4367,35533.708472700004
2021-03-25,okx,OKB/USDC,OKB,USDC,12.248,1504.6641,18429.1258968
2021-03-26,okx,OKB/USDC,OKB,USDC,12.559,831.6799,10445.0678641
2021-03-27,okx,OKB/USDC,OKB,USDC,12.559,0.0,0.0
2021-03-28,okx,OKB/USDC,OKB,USDC,13.498,3634.9492,49064.5443016
2021-03-29,okx,OKB/USDC,OKB,USDC,14.645,7949.2918,116417.378411
2021-03-30,okx,OKB/USDC,OKB,USDC,16.179,4793.2199,77549.5047621
2021-03-31,okx,OKB/USDC,OKB,USDC,16.964,20982.786,355951.981704
2021-04-01,okx,OKB/USDC,OKB,USDC,17.244,4572.4687,78847.6502628
2021-04-02,okx,OKB/USDC,OKB,USDC,17.475,2143.3191,37454.501272500005
2021-04-03,okx,OKB/USDC,OKB,USDC,15.989,3360.9839,53738.77157710001
2021-04-04,okx,OKB/USDC,OKB,USDC,16.916,955.7899,16168.1419484
2021-04-05,okx,OKB/USDC,OKB,USDC,17.633,4324.6898,76257.2552434
2021-04-06,okx,OKB/USDC,OKB,USDC,18.406,578.0486,10639.562531599999
2021-04-07,okx,OKB/USDC,OKB,USDC,17.983,5951.6005,107027.6317915
2021-04-08,okx,OKB/USDC,OKB,USDC,19.029,2921.5292,55593.7791468
2021-04-09,okx,OKB/USDC,OKB,USDC,19.29,2154.3953,41558.285337
2021-04-10,okx,OKB/USDC,OKB,USDC,20.594,4872.7473,100349.3578962
2021-01-01,okx,XRP/USDC,XRP,USDC,0.2313,140913.2765,32593.240854450003
2021-01-02,okx,XRP/USDC,XRP,USDC,0.2152,47932.314,10315.0339728
2021-01-03,okx,XRP/USDC,XRP,USDC,0.2231,38385.8037,8563.872805469999
2021-01-04,okx,XRP/USDC,XRP,USDC,0.2371,246041.8305,58336.518011550004
2021-01-05,okx,XRP/USDC,XRP,USDC,0.2263,31681.2615,7169.46947745
2021-01-06,okx,XRP/USDC,XRP,USDC,0.25,142760.3569,35690.089225
2021-01-07,okx,XRP/USDC,XRP,USDC,0.3258,591574.8246,192735.07785468
2021-01-08,okx,XRP/USDC,XRP,USDC,0.3204,4375.2539,1401.83134956
2021-01-09,okx,XRP/USDC,XRP,USDC,0.3352,3188.6129,1068.82304408
2021-01-10,okx,XRP/USDC,XRP,USDC,0.3145,288357.6936,90688.4946372
2021-01-11,okx,XRP/USDC,XRP,USDC,0.2767,44083.3238,12197.855695459999
2021-01-12,okx,XRP/USDC,XRP,USDC,0.2992,13507.1725,4041.3460120000004
2021-01-13,okx,XRP/USDC,XRP,USDC,0.3079,474.0494,145.95981026
2021-01-14,okx,XRP/USDC,XRP,USDC,0.3,629.7607,188.92821
2021-01-15,okx,XRP/USDC,XRP,USDC,0.264,13107.4319,3460.3620216
2021-01-16,okx,XRP/USDC,XRP,USDC,0.2803,1189.717,333.4776751
2021-01-17,okx,XRP/USDC,XRP,USDC,0.2764,516.219,142.6829316
2021-01-18,okx,XRP/USDC,XRP,USDC,0.2768,2.922,0.8088096
2021-01-19,okx,XRP/USDC,XRP,USDC,0.295,15896.5051,4689.4690045
2021-01-20,okx,XRP/USDC,XRP,USDC,0.2896,7024.3261,2034.2448385600003
2021-01-21,okx,XRP/USDC,XRP,USDC,0.2686,5422.0835,1456.3716281
2021-01-22,okx,XRP/USDC,XRP,USDC,0.2739,103372.0742,28313.611123379997
2021-01-23,okx,XRP/USDC,XRP,USDC,0.2707,3067.7659,830.4442291299999
2021-01-24,okx,XRP/USDC,XRP,USDC,0.275,554.6537,152.5297675
2021-01-25,okx,XRP/USDC,XRP,USDC,0.275,0.0,0.0
2021-01-26,okx,XRP/USDC,XRP,USDC,0.2721,5428.8833,1477.1991459300002
2021-01-27,okx,XRP/USDC,XRP,USDC,0.249,16567.02,4125.18798
2021-01-28,okx,XRP/USDC,XRP,USDC,0.2684,3494.3261,937.8771252400002
2021-01-29,okx,XRP/USDC,XRP,USDC,0.2824,34469.58,9734.209392
2021-01-30,okx,XRP/USDC,XRP,USDC,0.4433,494028.2203,219002.71005899002
2021-01-31,okx,XRP/USDC,XRP,USDC,0.4902,343172.145,168222.98547900002
2021-02-01,okx,XRP/USDC,XRP,USDC,0.3877,1502988.1469,582708.50455313
2021-02-02,okx,XRP/USDC,XRP,USDC,0.3636,57129.8874,20772.427058639998
2021-02-03,okx,XRP/USDC,XRP,USDC,0.3986,29395.9722,11717.23451892
2021-02-04,okx,XRP/USDC,XRP,USDC,0.4419,67602.4669,29873.530123110002
2021-02-05,okx,XRP/USDC,XRP,USDC,0.4367,8818.3286,3850.96409962
2021-02-06,okx,XRP/USDC,XRP,USDC,0.4379,7468.6439,3270.51916381
2021-02-07,okx,XRP/USDC,XRP,USDC,0.4235,34542.6196,14628.799400599999
2021-02-08,okx,XRP/USDC,XRP,USDC,0.4464,65971.7115,29449.772013600003
2021-02-09,okx,XRP/USDC,XRP,USDC,0.4677,8978.3059,4199.153669429999
2021-02-10,okx,XRP/USDC,XRP,USDC,0.5027,11302.426,5681.7295502
2021-02-11,okx,XRP/USDC,XRP,USDC,0.5287,2640.7836,1396.1822893199999
2021-02-12,okx,XRP/USDC,XRP,USDC,0.5939,6176.0804,3667.9741495599997
2021-02-13,okx,XRP/USDC,XRP,USDC,0.6352,13152.7421,8354.62178192
2021-02-14,okx,XRP/USDC,XRP,USDC,0.6075,11298.5064,6863.842638000001
2021-02-15,okx,XRP/USDC,XRP,USDC,0.5532,6478.7648,3584.05268736
2021-02-16,okx,XRP/USDC,XRP,USDC,0.5173,4814.0845,2490.32591185
2021-02-17,okx,XRP/USDC,XRP,USDC,0.5393,4199.6436,2264.8677934800003
2021-02-18,okx,XRP/USDC,XRP,USDC,0.5399,3264.2325,1762.35912675
2021-02-19,okx,XRP/USDC,XRP,USDC,0.5581,6481.5969,3617.37922989
2021-02-20,okx,XRP/USDC,XRP,USDC,0.515,7453.5689,3838.5879835
2021-02-21,okx,XRP/USDC,XRP,USDC,0.546,19814.8,10818.8808
2021-02-22,okx,XRP/USDC,XRP,USDC,0.5643,10762.1168,6073.06251024
2021-02-23,okx,XRP/USDC,XRP,USDC,0.4675,160153.8014,74871.9021545
2021-02-24,okx,XRP/USDC,XRP,USDC,0.4655,13646.8832,6352.624129600001
2021-02-25,okx,XRP/USDC,XRP,USDC,0.4318,353390.3155,152593.93823290002
2021-02-26,okx,XRP/USDC,XRP,USDC,0.4273,244022.2649,104270.71379177
2021-02-27,okx,XRP/USDC,XRP,USDC,0.4317,33625.192,14515.9953864
2021-02-28,okx,XRP/USDC,XRP,USDC,0.4149,11932.1072,4950.63127728
2021-03-01,okx,XRP/USDC,XRP,USDC,0.4359,38299.8247,16694.89358673
2021-03-02,okx,XRP/USDC,XRP,USDC,0.4281,35719.7043,15291.605410829998
2021-03-03,okx,XRP/USDC,XRP,USDC,0.445,57121.9287,25419.2582715
2021-03-04,okx,XRP/USDC,XRP,USDC,0.4712,265902.7808,125293.39031296001
2021-03-05,okx,XRP/USDC,XRP,USDC,0.4556,134270.519,61173.6484564
2021-03-06,okx,XRP/USDC,XRP,USDC,0.4604,63919.7472,29428.65161088
2021-03-07,okx,XRP/USDC,XRP,USDC,0.4603,1399.1046,644.0078473799999
2021-03-08,okx,XRP/USDC,XRP,USDC,0.4706,47090.8723,22160.96450438
2021-03-09,okx,XRP/USDC,XRP,USDC,0.4799,31851.6691,15285.61600109
2021-03-10,okx,XRP/USDC,XRP,USDC,0.4623,214608.859,99213.6755157
2021-03-11,okx,XRP/USDC,XRP,USDC,0.4516,130770.5429,59055.97717364
2021-03-12,okx,XRP/USDC,XRP,USDC,0.4443,4408.2864,1958.60164752
2021-03-13,okx,XRP/USDC,XRP,USDC,0.4547,2682.4853,1219.72606591
2021-03-14,okx,XRP/USDC,XRP,USDC,0.4393,44003.6825,19330.81772225
2021-03-15,okx,XRP/USDC,XRP,USDC,0.4397,251108.778,110412.52968659998
2021-03-16,okx,XRP/USDC,XRP,USDC,0.452,513218.1777,231974.6163204
2021-03-17,okx,XRP/USDC,XRP,USDC,0.4688,20138.5734,9440.96320992
2021-03-18,okx,XRP/USDC,XRP,USDC,0.4683,91904.9098,43039.069259339994
2021-03-19,okx,XRP/USDC,XRP,USDC,0.4687,37788.959,17711.685083300003
2021-03-20,okx,XRP/USDC,XRP,USDC,0.5217,206896.9154,107938.12076418001
2021-03-21,okx,XRP/USDC,XRP,USDC,0.5209,128693.8289,67036.61547401
2021-03-22,okx,XRP/USDC,XRP,USDC,0.5519,531255.6583,293199.99781577
2021-03-23,okx,XRP/USDC,XRP,USDC,0.5692,195523.766,111292.1276072
2021-03-24,okx,XRP/USDC,XRP,USDC,0.4857,449649.1439,218394.58919223002
2021-03-25,okx,XRP/USDC,XRP,USDC,0.5158,179611.2579,92643.48682482001
2021-03-26,okx,XRP/USDC,XRP,USDC,0.5557,175559.799,97558.58030429999
2021-03-27,okx,XRP/USDC,XRP,USDC,0.554,27784.3253,15392.516216200002
2021-03-28,okx,XRP/USDC,XRP,USDC,0.5421,43129.3352,23380.41261192
2021-03-29,okx,XRP/USDC,XRP,USDC,0.5577,306.3302,170.84035254
2021-03-30,okx,XRP/USDC,XRP,USDC,0.5642,52584.0869,29667.94182898
2021-03-31,okx,XRP/USDC,XRP,USDC,0.5679,334168.5904,189774.34248815998
2021-04-01,okx,XRP/USDC,XRP,USDC,0.5616,81398.4096,45713.346831359995
2021-04-02,okx,XRP/USDC,XRP,USDC,0.5971,60707.2549,36248.30190079
2021-04-03,okx,XRP/USDC,XRP,USDC,0.5837,139525.5777,81441.07970349
2021-04-04,okx,XRP/USDC,XRP,USDC,0.6206,115588.8256,71734.42516736001
2021-04-05,okx,XRP/USDC,XRP,USDC,0.9187,3568227.4261,3278130.5363580696
2021-04-06,okx,XRP/USDC,XRP,USDC,1.0919,3887171.9021,4244402.999902991
2021-04-07,okx,XRP/USDC,XRP,USDC,0.9512,3824584.2978,3637944.58406736
2021-04-08,okx,XRP/USDC,XRP,USDC,1.0485,1404662.5531,1472788.68692535
2021-04-09,okx,XRP/USDC,XRP,USDC,1.0252,936350.0524,959946.07372048
2021-04-10,okx,XRP/USDC,XRP,USDC,1.3709,996633.081,1366284.2907429
2021-01-01,okx,BCH/USDC,BCH,USDC,339.13,27.1295,9200.427335
2021-01-02,okx,BCH/USDC,BCH,USDC,354.23,27.6593,9797.753839
2021-01-03,okx,BCH/USDC,BCH,USDC,414.21,24.8232,10282.017672
2021-01-04,okx,BCH/USDC,BCH,USDC,406.11,238.8827,97012.653297
2021-01-05,okx,BCH/USDC,BCH,USDC,418.9,26.5918,11139.30502
2021-01-06,okx,BCH/USDC,BCH,USDC,452.95,65.4615,29650.786425
2021-01-07,okx,BCH/USDC,BCH,USDC,444.15,30.3521,13480.885215
2021-01-08,okx,BCH/USDC,BCH,USDC,420.03,103.2889,43384.436666999994
2021-01-09,okx,BCH/USDC,BCH,USDC,578.09,207.9634,120221.56190600002
2021-01-10,okx,BCH/USDC,BCH,USDC,587.94,286.7299,168579.97740600002
2021-01-11,okx,BCH/USDC,BCH,USDC,476.85,161.175,76856.29875000002
2021-01-12,okx,BCH/USDC,BCH,USDC,454.63,51.1884,23271.782292
2021-01-13,okx,BCH/USDC,BCH,USDC,472.08,58.404,27571.36032
2021-01-14,okx,BCH/USDC,BCH,USDC,527.64,33.2698,17554.477271999996
2021-01-15,okx,BCH/USDC,BCH,USDC,492.07,31.8572,15675.972404
2021-01-16,okx,BCH/USDC,BCH,USDC,492.78,47.9961,23651.518158
2021-01-17,okx,BCH/USDC,BCH,USDC,477.83,18.9923,9075.090709
2021-01-18,okx,BCH/USDC,BCH,USDC,501.78,49.4133,24794.605674
2021-01-19,okx,BCH/USDC,BCH,USDC,507.58,69.8919,35475.730602
2021-01-20,okx,BCH/USDC,BCH,USDC,495.45,29.9265,14827.084425000001
2021-01-21,okx,BCH/USDC,BCH,USDC,423.84,31.7228,13445.391552
2021-01-22,okx,BCH/USDC,BCH,USDC,448.09,27.7985,12456.229865
2021-01-23,okx,BCH/USDC,BCH,USDC,432.61,1.1981,518.310041
2021-01-24,okx,BCH/USDC,BCH,USDC,431.4,3.3049,1425.7338599999998
2021-01-25,okx,BCH/USDC,BCH,USDC,434.39,16.7673,7283.547446999999
2021-01-26,okx,BCH/USDC,BCH,USDC,432.0,21.4675,9273.960000000001
2021-01-27,okx,BCH/USDC,BCH,USDC,370.8,13.9537,5174.03196
2021-01-28,okx,BCH/USDC,BCH,USDC,411.13,1.1341,466.262533
2021-01-29,okx,BCH/USDC,BCH,USDC,406.06,21.3007,8649.362242
2021-01-30,okx,BCH/USDC,BCH,USDC,408.81,6.7808,2772.058848
2021-01-31,okx,BCH/USDC,BCH,USDC,400.26,0.5544,221.904144
2021-02-01,okx,BCH/USDC,BCH,USDC,409.4,17.97,7356.917999999999
2021-02-02,okx,BCH/USDC,BCH,USDC,434.89,30.6877,13345.773852999999
2021-02-03,okx,BCH/USDC,BCH,USDC,448.09,2.3301,1044.0945089999998
2021-02-04,okx,BCH/USDC,BCH,USDC,422.57,13.0195,5501.650115
2021-02-05,okx,BCH/USDC,BCH,USDC,447.35,2.2639,1012.755665
2021-02-06,okx,BCH/USDC,BCH,USDC,479.99,4.0703,1953.7032969999998
2021-02-07,okx,BCH/USDC,BCH,USDC,447.38,3.1145,1393.36501
2021-02-08,okx,BCH/USDC,BCH,USDC,449.69,7.4756,3361.702564
2021-02-09,okx,BCH/USDC,BCH,USDC,516.64,1.6927,874.516528
2021-02-10,okx,BCH/USDC,BCH,USDC,484.81,10.5571,5118.187651
2021-02-11,okx,BCH/USDC,BCH,USDC,522.03,0.1928,100.64738399999999
2021-02-12,okx,BCH/USDC,BCH,USDC,555.06,2.4384,1353.458304
2021-02-13,okx,BCH/USDC,BCH,USDC,649.25,12.9315,8395.776375
2021-02-14,okx,BCH/USDC,BCH,USDC,696.25,0.3631,252.80837499999998
2021-02-15,okx,BCH/USDC,BCH,USDC,758.63,17.0456,12931.303528
2021-02-16,okx,BCH/USDC,BCH,USDC,701.03,0.0701,49.142202999999995
2021-02-17,okx,BCH/USDC,BCH,USDC,719.58,0.3107,223.573506
2021-02-18,okx,BCH/USDC,BCH,USDC,703.58,1.1993,843.8034940000001
2021-02-19,okx,BCH/USDC,BCH,USDC,702.21,0.0588,41.289948
2021-02-20,okx,BCH/USDC,BCH,USDC,650.26,16.57,10774.8082
2021-02-21,okx,BCH/USDC,BCH,USDC,717.61,0.091,65.30251
2021-02-22,okx,BCH/USDC,BCH,USDC,619.7,32.632,20222.0504
2021-02-23,okx,BCH/USDC,BCH,USDC,508.7,1361.2839,692485.1199299999
2021-02-24,okx,BCH/USDC,BCH,USDC,507.6,277.2285,140721.18660000002
2021-02-25,okx,BCH/USDC,BCH,USDC,499.21,513.23,256209.5483
2021-02-26,okx,BCH/USDC,BCH,USDC,484.6,2097.9121,1016648.20366
2021-02-27,okx,BCH/USDC,BCH,USDC,481.33,168.2176,80968.177408
2021-02-28,okx,BCH/USDC,BCH,USDC,462.77,132.767,61440.58459
2021-03-01,okx,BCH/USDC,BCH,USDC,487.56,112.4443,54823.342908
2021-03-02,okx,BCH/USDC,BCH,USDC,517.56,1027.9421,532021.7132759999
2021-03-03,okx,BCH/USDC,BCH,USDC,523.89,900.9483,471997.804887
2021-03-04,okx,BCH/USDC,BCH,USDC,505.22,1851.0723,935198.747406
2021-03-05,okx,BCH/USDC,BCH,USDC,499.46,951.4465,475209.46888999996
2021-03-06,okx,BCH/USDC,BCH,USDC,500.9,304.1974,152372.47766
2021-03-07,okx,BCH/USDC,BCH,USDC,517.9,631.0636,326827.83843999996
2021-03-08,okx,BCH/USDC,BCH,USDC,527.16,715.207,377028.52212
2021-03-09,okx,BCH/USDC,BCH,USDC,543.58,885.3879,481279.154682
2021-03-10,okx,BCH/USDC,BCH,USDC,549.05,1541.2718,846235.2817899999
2021-03-11,okx,BCH/USDC,BCH,USDC,555.0,1288.4768,715104.624
2021-03-12,okx,BCH/USDC,BCH,USDC,531.13,18.4582,9803.703766
2021-03-13,okx,BCH/USDC,BCH,USDC,552.43,1.0652,588.4484359999999
2021-03-14,okx,BCH/USDC,BCH,USDC,553.46,411.8266,227929.550036
2021-03-15,okx,BCH/USDC,BCH,USDC,526.99,1527.6316,805046.576884
2021-03-16,okx,BCH/USDC,BCH,USDC,524.49,699.796,367036.00404
2021-03-17,okx,BCH/USDC,BCH,USDC,540.15,55.3527,29898.760905
2021-03-18,okx,BCH/USDC,BCH,USDC,530.14,76.4472,40527.718607999996
2021-03-19,okx,BCH/USDC,BCH,USDC,538.28,71.4975,38485.6743
2021-03-20,okx,BCH/USDC,BCH,USDC,548.01,39.8015,21811.620014999997
2021-03-21,okx,BCH/USDC,BCH,USDC,521.25,0.6747,351.687375
2021-03-22,okx,BCH/USDC,BCH,USDC,507.64,122.7278,62301.540392
2021-03-23,okx,BCH/USDC,BCH,USDC,520.72,88.37,46016.0264
2021-03-24,okx,BCH/USDC,BCH,USDC,468.34,722.9686,338595.114124
2021-03-25,okx,BCH/USDC,BCH,USDC,476.85,54.5663,26019.940155
2021-03-26,okx,BCH/USDC,BCH,USDC,491.55,172.8984,84988.20852
2021-03-27,okx,BCH/USDC,BCH,USDC,489.09,0.1261,61.67424899999999
2021-03-28,okx,BCH/USDC,BCH,USDC,489.87,0.1915,93.81010500000001
2021-03-29,okx,BCH/USDC,BCH,USDC,505.49,56.5919,28606.639531
2021-03-30,okx,BCH/USDC,BCH,USDC,520.74,6.7205,3499.63317
2021-03-31,okx,BCH/USDC,BCH,USDC,525.06,260.9139,136995.452334
2021-04-01,okx,BCH/USDC,BCH,USDC,555.09,97.9417,54366.458253000004
2021-04-02,okx,BCH/USDC,BCH,USDC,581.63,86.6427,50393.993601
2021-04-03,okx,BCH/USDC,BCH,USDC,532.33,152.6078,81237.710174
2021-04-04,okx,BCH/USDC,BCH,USDC,557.93,37.173,20739.93189
2021-04-05,okx,BCH/USDC,BCH,USDC,635.88,110.405,70204.3314
2021-04-06,okx,BCH/USDC,BCH,USDC,657.13,116.7776,76738.06428800001
2021-04-07,okx,BCH/USDC,BCH,USDC,623.57,434.3608,270854.364056
2021-04-08,okx,BCH/USDC,BCH,USDC,642.83,99.8353,64177.125899000006
2021-04-09,okx,BCH/USDC,BCH,USDC,638.82,63.5452,40593.944664
2021-04-10,okx,BCH/USDC,BCH,USDC,666.27,113.0503,75322.02338099999
2021-01-01,okx,LTC/USDC,LTC,USDC,125.9,1079.512475,135910.6206025
2021-01-02,okx,LTC/USDC,LTC,USDC,137.0,1857.803411,254519.06730700002
2021-01-03,okx,LTC/USDC,LTC,USDC,164.0,800.60083,131298.53612
2021-01-04,okx,LTC/USDC,LTC,USDC,155.52,4447.909084,691738.82074368
2021-01-05,okx,LTC/USDC,LTC,USDC,159.46,1005.397106,160320.62252276
2021-01-06,okx,LTC/USDC,LTC,USDC,169.44,898.486978,152239.63355232
2021-01-07,okx,LTC/USDC,LTC,USDC,168.61,1172.734805,197734.81547105004
2021-01-08,okx,LTC/USDC,LTC,USDC,173.08,1545.713866,267532.15592728
2021-01-09,okx,LTC/USDC,LTC,USDC,179.0,690.690764,123633.64675599999
2021-01-10,okx,LTC/USDC,LTC,USDC,170.9,867.285306,148219.0587954
2021-01-11,okx,LTC/USDC,LTC,USDC,139.28,7381.771434,1028133.1253275201
2021-01-12,okx,LTC/USDC,LTC,USDC,132.14,3362.621393,444336.79087101994
2021-01-13,okx,LTC/USDC,LTC,USDC,147.44,681.990543,100552.68565992
2021-01-14,okx,LTC/USDC,LTC,USDC,150.5,234.344098,35268.786749
2021-01-15,okx,LTC/USDC,LTC,USDC,143.84,294.90402,42418.994236800005
2021-01-16,okx,LTC/USDC,LTC,USDC,144.78,232.908232,33720.45382896
2021-01-17,okx,LTC/USDC,LTC,USDC,142.12,248.077342,35256.75184504
2021-01-18,okx,LTC/USDC,LTC,USDC,152.9,59.389867,9080.7106643
2021-01-19,okx,LTC/USDC,LTC,USDC,153.44,1501.978982,230463.65499808002
2021-01-20,okx,LTC/USDC,LTC,USDC,148.4,108.398227,16086.2968868
2021-01-21,okx,LTC/USDC,LTC,USDC,131.15,185.037033,24267.606877950002
2021-01-22,okx,LTC/USDC,LTC,USDC,138.81,214.73246,29807.0127726
2021-01-23,okx,LTC/USDC,LTC,USDC,138.2,85.846984,11864.0531888
2021-01-24,okx,LTC/USDC,LTC,USDC,141.82,24.842218,3523.1233567599998
2021-01-25,okx,LTC/USDC,LTC,USDC,137.12,22.031454,3020.95297248
2021-01-26,okx,LTC/USDC,LTC,USDC,133.66,114.221102,15266.79249332
2021-01-27,okx,LTC/USDC,LTC,USDC,122.72,62.354392,7652.130986239999
2021-01-28,okx,LTC/USDC,LTC,USDC,135.99,43.940011,5975.40209589
2021-01-29,okx,LTC/USDC,LTC,USDC,138.73,513.415808,71226.17504383999
2021-01-30,okx,LTC/USDC,LTC,USDC,133.46,164.634956,21972.18122776
2021-01-31,okx,LTC/USDC,LTC,USDC,128.03,133.643647,17110.39612541
2021-02-01,okx,LTC/USDC,LTC,USDC,132.05,125.216834,16534.8829297
2021-02-02,okx,LTC/USDC,LTC,USDC,143.93,124.936759,17982.14772287
2021-02-03,okx,LTC/USDC,LTC,USDC,155.42,159.569553,24800.29992726
2021-02-04,okx,LTC/USDC,LTC,USDC,147.02,188.439992,27704.447623840002
2021-02-05,okx,LTC/USDC,LTC,USDC,154.06,116.882921,18006.98280926
2021-02-06,okx,LTC/USDC,LTC,USDC,157.73,96.785451,15265.969186229999
2021-02-07,okx,LTC/USDC,LTC,USDC,151.31,361.989551,54772.63896181
2021-02-08,okx,LTC/USDC,LTC,USDC,168.58,688.134233,116005.66899914
2021-02-09,okx,LTC/USDC,LTC,USDC,183.3,441.892344,80998.8666552
2021-02-10,okx,LTC/USDC,LTC,USDC,181.18,273.291172,49514.894542960006
2021-02-11,okx,LTC/USDC,LTC,USDC,185.76,139.1443,25847.445167999995
2021-02-12,okx,LTC/USDC,LTC,USDC,191.01,143.295199,27370.81596099
2021-02-13,okx,LTC/USDC,LTC,USDC,225.03,25.864914,5820.38159742
2021-02-14,okx,LTC/USDC,LTC,USDC,216.28,50.029099,10820.29353172
2021-02-15,okx,LTC/USDC,LTC,USDC,207.12,163.262499,33814.92879288
2021-02-16,okx,LTC/USDC,LTC,USDC,210.34,57.905815,12179.9091271
2021-02-17,okx,LTC/USDC,LTC,USDC,237.27,64.802237,15375.626772990003
2021-02-18,okx,LTC/USDC,LTC,USDC,226.0,85.691181,19366.206906
2021-02-19,okx,LTC/USDC,LTC,USDC,235.22,92.497457,21757.25183554
2021-02-20,okx,LTC/USDC,LTC,USDC,226.46,85.562902,19376.57478692
2021-02-21,okx,LTC/USDC,LTC,USDC,226.85,137.872424,31276.3593844
2021-02-22,okx,LTC/USDC,LTC,USDC,207.53,356.749374,74036.19758622
2021-02-23,okx,LTC/USDC,LTC,USDC,176.61,779.453045,137659.20227745
2021-02-24,okx,LTC/USDC,LTC,USDC,181.42,884.107593,160394.79952205997
2021-02-25,okx,LTC/USDC,LTC,USDC,179.08,2294.907959,410972.11729772005
2021-02-26,okx,LTC/USDC,LTC,USDC,170.77,3751.932082,640717.44164314
2021-02-27,okx,LTC/USDC,LTC,USDC,173.08,399.627683,69167.55937364
2021-02-28,okx,LTC/USDC,LTC,USDC,165.91,351.494654,58316.47804514
2021-03-01,okx,LTC/USDC,LTC,USDC,174.95,750.515533,131302.69249835
2021-03-02,okx,LTC/USDC,LTC,USDC,178.92,447.815115,80123.0803758
2021-03-03,okx,LTC/USDC,LTC,USDC,188.51,813.4128,153336.446928
2021-03-04,okx,LTC/USDC,LTC,USDC,181.13,2755.796925,499157.49702525
2021-03-05,okx,LTC/USDC,LTC,USDC,179.85,1277.277204,229718.30513939998
2021-03-06,okx,LTC/USDC,LTC,USDC,182.64,2249.338395,410819.1644628
2021-03-07,okx,LTC/USDC,LTC,USDC,191.45,967.097863,185150.88587134998
2021-03-08,okx,LTC/USDC,LTC,USDC,191.5,1530.775347,293143.4789505
2021-03-09,okx,LTC/USDC,LTC,USDC,203.38,1030.792343,209642.54671934
2021-03-10,okx,LTC/USDC,LTC,USDC,200.27,2609.726278,522649.88169506006
2021-03-11,okx,LTC/USDC,LTC,USDC,202.02,1921.016715,388083.79676430003
2021-03-12,okx,LTC/USDC,LTC,USDC,220.93,474.321681,104791.88898333
2021-03-13,okx,LTC/USDC,LTC,USDC,227.98,53.268095,12144.0602981
2021-03-14,okx,LTC/USDC,LTC,USDC,214.2,346.41195,74201.43969
2021-03-15,okx,LTC/USDC,LTC,USDC,201.62,2246.996965,453039.5280833
2021-03-16,okx,LTC/USDC,LTC,USDC,199.93,1330.792121,266065.26875153
2021-03-17,okx,LTC/USDC,LTC,USDC,206.14,272.558807,56185.272474979996
2021-03-18,okx,LTC/USDC,LTC,USDC,199.86,127.92646,25567.382295600004
2021-03-19,okx,LTC/USDC,LTC,USDC,200.27,50.096952,10032.916577040001
2021-03-20,okx,LTC/USDC,LTC,USDC,200.27,9.270297,1856.5623801899999
2021-03-21,okx,LTC/USDC,LTC,USDC,196.68,85.237106,16764.43400808
2021-03-22,okx,LTC/USDC,LTC,USDC,186.0,160.26459,29809.21374
2021-03-23,okx,LTC/USDC,LTC,USDC,186.0,42.723432,7946.558352
2021-03-24,okx,LTC/USDC,LTC,USDC,176.26,175.976779,31017.667066539998
2021-03-25,okx,LTC/USDC,LTC,USDC,171.58,70.154813,12037.16281454
2021-03-26,okx,LTC/USDC,LTC,USDC,182.64,240.860569,43990.774322159996
2021-03-27,okx,LTC/USDC,LTC,USDC,185.11,34.084118,6309.31108298
2021-03-28,okx,LTC/USDC,LTC,USDC,183.87,27.333983,5025.89945421
2021-03-29,okx,LTC/USDC,LTC,USDC,193.65,73.392768,14212.5095232
2021-03-30,okx,LTC/USDC,LTC,USDC,194.96,111.516579,21741.27224184
2021-03-31,okx,LTC/USDC,LTC,USDC,196.66,296.595746,58328.51940836
2021-04-01,okx,LTC/USDC,LTC,USDC,203.38,139.254059,28321.49051942
2021-04-02,okx,LTC/USDC,LTC,USDC,213.19,298.216905,63576.86197695
2021-04-03,okx,LTC/USDC,LTC,USDC,195.38,597.257047,116692.08184285999
2021-04-04,okx,LTC/USDC,LTC,USDC,201.8,71.905392,14510.508105600002
2021-04-05,okx,LTC/USDC,LTC,USDC,220.47,557.47891,122907.37528770001
2021-04-06,okx,LTC/USDC,LTC,USDC,238.31,2545.572026,606635.26951606
2021-04-07,okx,LTC/USDC,LTC,USDC,220.04,1594.971304,350957.48573216
2021-04-08,okx,LTC/USDC,LTC,USDC,225.64,601.072556,135626.01153584
2021-04-09,okx,LTC/USDC,LTC,USDC,220.18,266.668922,58715.16324596
2021-04-10,okx,LTC/USDC,LTC,USDC,253.62,1891.533228,479730.65728536004
2021-01-01,okx,TRX/USDC,TRX,USDC,0.02705,73624.7066,1991.5483135300003
2021-01-02,okx,TRX/USDC,TRX,USDC,0.02716,87864.7911,2386.407726276
2021-01-03,okx,TRX/USDC,TRX,USDC,0.02921,104270.9981,3045.7558545009997
2021-01-04,okx,TRX/USDC,TRX,USDC,0.02953,717232.4069,21179.872975757
2021-01-05,okx,TRX/USDC,TRX,USDC,0.02873,3081506.127,88531.67102870998
2021-01-06,okx,TRX/USDC,TRX,USDC,0.03054,3921671.1998,119767.838441892
2021-01-07,okx,TRX/USDC,TRX,USDC,0.03102,2401069.2032,74481.16668326399
2021-01-08,okx,TRX/USDC,TRX,USDC,0.03048,3376386.9689,102912.274812072
2021-01-09,okx,TRX/USDC,TRX,USDC,0.03432,3579316.2615,122842.13409468002
2021-01-10,okx,TRX/USDC,TRX,USDC,0.03246,1917878.0954,62254.322976684
2021-01-11,okx,TRX/USDC,TRX,USDC,0.02841,3200911.8575,90937.905871575
2021-01-12,okx,TRX/USDC,TRX,USDC,0.02844,1188783.4962,33809.002631928
2021-01-13,okx,TRX/USDC,TRX,USDC,0.03046,2607841.9489,79434.865763494
2021-01-14,okx,TRX/USDC,TRX,USDC,0.03006,1884247.3698,56640.475936188
2021-01-15,okx,TRX/USDC,TRX,USDC,0.02976,1692268.3617,50361.906444192005
2021-01-16,okx,TRX/USDC,TRX,USDC,0.03012,937696.9596,28243.432423152
2021-01-17,okx,TRX/USDC,TRX,USDC,0.03046,759700.0643,23140.463958578
2021-01-18,okx,TRX/USDC,TRX,USDC,0.03158,952650.5072,30084.703017375996
2021-01-19,okx,TRX/USDC,TRX,USDC,0.03109,606741.1667,18863.582872703
2021-01-20,okx,TRX/USDC,TRX,USDC,0.03046,497387.2251,15150.414876546
2021-01-21,okx,TRX/USDC,TRX,USDC,0.0278,653803.1006,18175.72619668
2021-01-22,okx,TRX/USDC,TRX,USDC,0.02869,1070693.34,30718.191924600003
2021-01-23,okx,TRX/USDC,TRX,USDC,0.02926,1283316.0849,37549.828644174
2021-01-24,okx,TRX/USDC,TRX,USDC,0.02968,357051.4188,10597.286109984
2021-01-25,okx,TRX/USDC,TRX,USDC,0.02973,774464.2428,23024.821938443998
2021-01-26,okx,TRX/USDC,TRX,USDC,0.02946,1334528.3032,39315.203812272
2021-01-27,okx,TRX/USDC,TRX,USDC,0.02852,2842892.2583,81079.28720671599
2021-01-28,okx,TRX/USDC,TRX,USDC,0.03003,757821.7604,22757.387464812
2021-01-29,okx,TRX/USDC,TRX,USDC,0.03339,7355060.7303,245585.47778471702
2021-01-30,okx,TRX/USDC,TRX,USDC,0.03214,620336.1464,19937.603745296
2021-01-31,okx,TRX/USDC,TRX,USDC,0.03164,3309727.6903,104719.784121092
2021-02-01,okx,TRX/USDC,TRX,USDC,0.03296,1332901.067,43932.419168320004
2021-02-02,okx,TRX/USDC,TRX,USDC,0.03339,257233.6928,8589.033002592001
2021-02-03,okx,TRX/USDC,TRX,USDC,0.03463,206228.5045,7141.693110835001
2021-02-04,okx,TRX/USDC,TRX,USDC,0.03352,186936.1184,6266.098688768
2021-02-05,okx,TRX/USDC,TRX,USDC,0.03629,306547.2883,11124.601092407001
2021-02-06,okx,TRX/USDC,TRX,USDC,0.03495,88365.759,3088.3832770500003
2021-02-07,okx,TRX/USDC,TRX,USDC,0.03613,125269.7358,4525.995554454
2021-02-08,okx,TRX/USDC,TRX,USDC,0.04069,627055.6275,25514.893482974996
2021-02-09,okx,TRX/USDC,TRX,USDC,0.04627,1013685.0464,46903.207096927996
2021-02-10,okx,TRX/USDC,TRX,USDC,0.0459,725329.0105,33292.60158195
2021-02-11,okx,TRX/USDC,TRX,USDC,0.05686,319976.434,18193.86003724
2021-02-12,okx,TRX/USDC,TRX,USDC,0.05545,130918.8267,7259.448940515
2021-02-13,okx,TRX/USDC,TRX,USDC,0.05967,146237.7106,8726.004191502
2021-02-14,okx,TRX/USDC,TRX,USDC,0.05545,176152.9833,9767.682923985
2021-02-15,okx,TRX/USDC,TRX,USDC,0.05077,496249.0766,25194.565618982
2021-02-16,okx,TRX/USDC,TRX,USDC,0.05219,75573.0084,3944.1553083960002
2021-02-17,okx,TRX/USDC,TRX,USDC,0.05272,21717.4182,1144.942287504
2021-02-18,okx,TRX/USDC,TRX,USDC,0.05468,74453.7625,4071.1317335
2021-02-19,okx,TRX/USDC,TRX,USDC,0.06103,328502.5397,20048.509997891
2021-02-20,okx,TRX/USDC,TRX,USDC,0.05772,435080.4927,25112.846038644002
2021-02-21,okx,TRX/USDC,TRX,USDC,0.05931,539491.5155,31997.241784305
2021-02-22,okx,TRX/USDC,TRX,USDC,0.0542,159334.9572,8635.95468024
2021-02-23,okx,TRX/USDC,TRX,USDC,0.04487,3309115.3915,148480.007616605
2021-02-24,okx,TRX/USDC,TRX,USDC,0.04801,2013812.3799,96683.13235899899
2021-02-25,okx,TRX/USDC,TRX,USDC,0.0454,988287.5511,44868.254819940004
2021-02-26,okx,TRX/USDC,TRX,USDC,0.04495,2830422.0433,127227.470846335
2021-02-27,okx,TRX/USDC,TRX,USDC,0.04671,429245.3747,20050.051452237
2021-02-28,okx,TRX/USDC,TRX,USDC,0.04601,98941.4477,4552.296008677001
2021-03-01,okx,TRX/USDC,TRX,USDC,0.04778,69753.1544,3332.805717232
2021-03-02,okx,TRX/USDC,TRX,USDC,0.04662,580631.5909,27069.044767757998
2021-03-03,okx,TRX/USDC,TRX,USDC,0.04896,470184.4297,23020.229678112
2021-03-04,okx,TRX/USDC,TRX,USDC,0.0514,3738004.2202,192133.41691828
2021-03-05,okx,TRX/USDC,TRX,USDC,0.05055,1342492.5422,67862.99800821
2021-03-06,okx,TRX/USDC,TRX,USDC,0.04958,318442.4616,15788.377246127999
2021-03-07,okx,TRX/USDC,TRX,USDC,0.0517,127662.4482,6600.148571940001
2021-03-08,okx,TRX/USDC,TRX,USDC,0.05277,1189411.8758,62765.264685966
2021-03-09,okx,TRX/USDC,TRX,USDC,0.05305,187113.6426,9926.37873993
2021-03-10,okx,TRX/USDC,TRX,USDC,0.05177,876149.9545,45358.283144465
2021-03-11,okx,TRX/USDC,TRX,USDC,0.05173,728977.987,37710.03126751
2021-03-12,okx,TRX/USDC,TRX,USDC,0.0497,125148.7483,6219.892790510001
2021-03-13,okx,TRX/USDC,TRX,USDC,0.05272,71120.9315,3749.4955086800005
2021-03-14,okx,TRX/USDC,TRX,USDC,0.05141,123325.692,6340.1738257199995
2021-03-15,okx,TRX/USDC,TRX,USDC,0.05091,1673943.0365,85220.43998821499
2021-03-16,okx,TRX/USDC,TRX,USDC,0.05219,1641336.947,85661.37526393
2021-03-17,okx,TRX/USDC,TRX,USDC,0.05492,159960.933,8785.05444036
2021-03-18,okx,TRX/USDC,TRX,USDC,0.05353,169404.557,9068.22593621
2021-03-19,okx,TRX/USDC,TRX,USDC,0.05869,93276.8519,5474.418438010999
2021-03-20,okx,TRX/USDC,TRX,USDC,0.06076,232724.0264,14140.311844064001
2021-03-21,okx,TRX/USDC,TRX,USDC,0.06227,211614.7466,13177.250270782
2021-03-22,okx,TRX/USDC,TRX,USDC,0.05955,371334.3878,22112.96279349
2021-03-23,okx,TRX/USDC,TRX,USDC,0.05845,86740.2784,5069.96927248
2021-03-24,okx,TRX/USDC,TRX,USDC,0.05534,123480.505,6833.4111467
2021-03-25,okx,TRX/USDC,TRX,USDC,0.05552,170295.641,9454.81398832
2021-03-26,okx,TRX/USDC,TRX,USDC,0.06466,2315679.3676,149731.827909016
2021-03-27,okx,TRX/USDC,TRX,USDC,0.0637,493812.6377,31455.865021490004
2021-03-28,okx,TRX/USDC,TRX,USDC,0.06305,32448.2667,2045.8632154349998
2021-03-29,okx,TRX/USDC,TRX,USDC,0.06437,90574.6659,5830.291243983
2021-03-30,okx,TRX/USDC,TRX,USDC,0.06525,679722.9308,44351.9212347
2021-03-31,okx,TRX/USDC,TRX,USDC,0.09135,5748380.0532,525114.51785982
2021-04-01,okx,TRX/USDC,TRX,USDC,0.08646,2175979.4951,188135.187146346
2021-04-02,okx,TRX/USDC,TRX,USDC,0.09176,814817.8987,74767.690384712
2021-04-03,okx,TRX/USDC,TRX,USDC,0.10095,8577140.3179,865862.315092005
2021-04-04,okx,TRX/USDC,TRX,USDC,0.12791,5417138.2747,692906.156716877
2021-04-05,okx,TRX/USDC,TRX,USDC,0.13638,5001029.8905,682040.4564663899
2021-04-06,okx,TRX/USDC,TRX,USDC,0.12395,4673887.2739,579328.3275999051
2021-04-07,okx,TRX/USDC,TRX,USDC,0.11025,836962.785,92275.14704625
2021-04-08,okx,TRX/USDC,TRX,USDC,0.12416,541143.7237,67188.404734592
2021-04-09,okx,TRX/USDC,TRX,USDC,0.11475,98165.1561,11264.451662475
2021-04-10,okx,TRX/USDC,TRX,USDC,0.12511,370057.9881,46297.954891191
